BF,BN,BOW,TC,TF,TKW,TN,TOW,objective,elapsed_sec
1,1,1,1,1,1,1,1,inf,15.382957935333252
32,1,8,4,2,1,1,8,1.7976931348623157e+308,19.38199520111084
32,1,8,32,2,1,1,64,1.7976931348623157e+308,21.294124841690063
128,1,64,8,128,1,1,16,inf,23.815022706985474
1,1,16,4,2,1,1,2,inf,25.778252601623535
1,1,1,4,1,1,1,2,inf,27.776326179504395
1,1,1,128,64,1,1,2,inf,29.771953344345093
1,1,8,16,2,1,1,8,1.7976931348623157e+308,32.173481702804565
256,1,64,128,16,1,1,4,1.7976931348623157e+308,34.55760979652405
32,1,32,128,256,1,1,1,1.7976931348623157e+308,37.380985736846924
16,1,8,16,8,1,1,64,1.7976931348623157e+308,39.77206015586853
256,1,32,32,2,1,1,2,inf,41.81962776184082
32,1,16,32,8,1,1,32,1.7976931348623157e+308,44.335965633392334
4,1,16,1,256,1,1,8,inf,46.31297016143799
32,1,32,8,1,1,1,8,1.7976931348623157e+308,49.381003618240356
64,1,32,1,16,1,1,1,1.7976931348623157e+308,52.37196493148804
1,1,16,32,4,1,1,8,1.7976931348623157e+308,55.38079214096069
256,1,1,32,4,1,1,2,1.7976931348623157e+308,57.77888035774231
16,1,1,8,2,1,1,16,1.7976931348623157e+308,60.23138904571533
4,1,16,64,256,1,1,32,inf,62.29730010032654
4,1,8,8,8,1,1,64,1.7976931348623157e+308,65.38105893135071
16,1,16,128,2,1,1,2,inf,67.81153392791748
2,1,16,128,2,1,1,8,1.7976931348623157e+308,70.25335454940796
4,1,2,8,128,1,1,32,inf,72.2668080329895
16,1,16,128,4,1,1,4,1.7976931348623157e+308,75.38127040863037
4,1,8,4,1,1,1,1,inf,77.78318333625793
256,1,1,128,8,1,1,32,1.7976931348623157e+308,80.19146490097046
16,1,2,32,8,1,1,2,1.7976931348623157e+308,82.63791799545288
128,1,64,8,2,1,1,4,1.7976931348623157e+308,85.38084125518799
32,1,32,1,1,1,1,32,1.7976931348623157e+308,87.79171705245972
1,1,2,16,8,1,1,1,inf,89.77620196342468
32,1,16,64,1,1,1,64,1.7976931348623157e+308,92.19764518737793
1,1,16,4,2,1,1,1,inf,94.16698336601257
8,1,4,128,32,1,1,4,1.7976931348623157e+308,97.38136863708496
64,1,16,8,256,1,1,1,1.7976931348623157e+308,99.79278588294983
16,1,4,64,16,1,1,2,1.7976931348623157e+308,102.23293876647949
64,1,8,16,16,1,1,64,1.7976931348623157e+308,104.6600558757782
4,1,2,16,16,1,1,1,1.7976931348623157e+308,107.38109922409058
64,1,16,64,128,1,1,64,inf,109.79492688179016
256,1,2,64,256,1,1,4,1.7976931348623157e+308,112.2420403957367
16,1,1,64,16,1,1,16,1.7976931348623157e+308,114.69098830223083
256,1,8,64,32,1,1,4,1.7976931348623157e+308,117.38077211380005
4,1,8,8,256,1,1,1,1.7976931348623157e+308,119.78627896308899
16,1,64,64,64,1,1,64,inf,121.81893277168274
64,1,8,2,32,1,1,32,1.7976931348623157e+308,124.15084886550903
128,1,64,8,4,1,1,64,1.7976931348623157e+308,126.60486245155334
128,1,16,4,256,1,1,32,inf,128.2359380722046
1,1,16,1,1,1,1,32,1.7976931348623157e+308,131.38150548934937
32,1,64,4,32,1,1,2,1.7976931348623157e+308,133.78411054611206
32,1,64,4,128,1,1,4,1.7976931348623157e+308,136.23157858848572
128,1,1,64,64,1,1,32,inf,138.2346339225769
16,1,32,4,32,1,1,4,1.7976931348623157e+308,141.38151121139526
2,1,2,32,64,1,1,16,1.7976931348623157e+308,143.87034916877747
2,1,1,2,64,1,1,1,inf,145.86605286598206
16,1,8,2,32,1,1,64,inf,147.7829041481018
16,1,32,4,256,1,1,64,inf,149.8197305202484
128,1,1,32,32,1,1,64,inf,151.7848038673401
128,1,16,4,32,1,1,8,1.7976931348623157e+308,155.38168144226074
64,1,2,128,1,1,1,32,1.7976931348623157e+308,157.8672833442688
1,1,2,4,16,1,1,16,inf,159.9043483734131
1,1,4,1,64,1,1,1,1.7976931348623157e+308,163.3814468383789
2,1,32,64,4,1,1,4,1.7976931348623157e+308,165.86045694351196
128,1,4,32,256,1,1,32,inf,167.86780953407288
1,1,32,32,16,1,1,64,1.7976931348623157e+308,170.35811948776245
32,1,16,1,16,1,1,2,1.7976931348623157e+308,172.8161871433258
16,1,2,128,128,1,1,64,inf,174.304705619812
128,1,8,128,128,1,1,32,inf,175.7808575630188
4,1,64,128,64,1,1,32,inf,177.8293445110321
32,1,8,16,64,1,1,32,inf,179.78098583221436
256,1,8,16,128,1,1,32,inf,181.78773975372314
128,1,64,128,1,1,1,4,inf,183.82662200927734
2,1,64,1,64,1,1,32,inf,185.85001015663147
1,1,4,1,64,1,1,8,1.7976931348623157e+308,188.31900596618652
2,1,4,4,256,1,1,1,1.7976931348623157e+308,190.72827005386353
2,1,2,32,16,1,1,8,1.7976931348623157e+308,193.38104009628296
128,1,16,32,1,1,1,8,1.7976931348623157e+308,195.91691637039185
128,1,8,16,2,1,1,8,1.7976931348623157e+308,198.2826807498932
128,1,8,1,128,1,1,4,1.7976931348623157e+308,200.69290351867676
2,1,8,1,32,1,1,32,1.7976931348623157e+308,203.3810739517212
16,1,8,64,16,1,1,64,1.7976931348623157e+308,205.9100410938263
16,1,4,16,16,1,1,4,1.7976931348623157e+308,208.36213612556458
16,1,8,16,256,1,1,2,1.7976931348623157e+308,210.81732439994812
8,1,8,4,8,1,1,32,1.7976931348623157e+308,213.3807671070099
4,1,1,128,32,1,1,32,1.7976931348623157e+308,216.05183005332947
64,1,64,128,4,1,1,4,1.7976931348623157e+308,218.53516030311584
64,1,8,8,256,1,1,2,1.7976931348623157e+308,221.3807713985443
128,1,64,128,2,1,1,4,1.7976931348623157e+308,223.79194593429565
1,1,16,1,128,1,1,16,inf,225.83198523521423
1,1,4,32,16,1,1,2,1.7976931348623157e+308,229.38147377967834
4,1,8,32,128,1,1,4,1.7976931348623157e+308,232.16461610794067
2,1,16,32,8,1,1,2,1.7976931348623157e+308,235.38101410865784
4,1,8,4,32,1,1,1,1.7976931348623157e+308,237.8332872390747
8,1,4,128,256,1,1,64,inf,239.80460262298584
16,1,64,4,16,1,1,16,1.7976931348623157e+308,243.38147640228271
4,1,32,4,32,1,1,32,1.7976931348623157e+308,245.79101729393005
128,1,1,1,256,1,1,8,inf,247.8346028327942
128,1,4,4,8,1,1,1,1.7976931348623157e+308,250.2842993736267
8,1,64,4,64,1,1,64,inf,252.28596544265747
32,1,2,64,256,1,1,64,inf,253.78882551193237
4,1,4,1,1,1,1,4,inf,255.83576798439026
256,1,4,32,128,1,1,4,1.7976931348623157e+308,259.381055355072
64,1,1,4,64,1,1,16,1.7976931348623157e+308,261.8755509853363
4,1,4,128,2,1,1,32,1.7976931348623157e+308,265.3813397884369
16,1,16,4,2,1,1,16,1.7976931348623157e+308,267.92718982696533
2,1,1,64,64,1,1,2,inf,269.87984442710876
128,1,64,32,128,1,1,1,1.7976931348623157e+308,273.3810908794403
8,1,1,64,64,1,1,1,1.7976931348623157e+308,275.83234548568726
64,1,32,16,4,1,1,1,inf,277.8849973678589
4,1,1,128,256,1,1,32,inf,279.7936911582947
256,1,16,8,1,1,1,2,inf,281.79283332824707
32,1,64,2,16,1,1,2,1.7976931348623157e+308,284.3304355144501
256,1,16,2,8,1,1,2,1.7976931348623157e+308,286.7856545448303
128,1,8,32,4,1,1,16,1.7976931348623157e+308,289.3808617591858
64,1,2,4,256,1,1,32,inf,291.79146671295166
4,1,1,32,2,1,1,4,1.7976931348623157e+308,294.25648164749146
1,1,16,64,64,1,1,16,1.7976931348623157e+308,296.7876310348511
4,1,64,4,2,1,1,2,inf,298.29158544540405
256,1,4,128,4,1,1,32,1.7976931348623157e+308,301.38133335113525
256,1,4,32,256,1,1,1,1.7976931348623157e+308,303.8006331920624
2,1,2,128,4,1,1,2,1.7976931348623157e+308,306.30049872398376
8,1,16,64,128,1,1,32,inf,308.2499442100525
1,1,64,1,1,1,1,8,1.7976931348623157e+308,311.38105297088623
64,1,8,4,64,1,1,1,1.7976931348623157e+308,314.0080564022064
8,1,4,2,64,1,1,64,inf,316.05092191696167
1,1,32,128,2,1,1,4,1.7976931348623157e+308,319.38109946250916
16,1,32,2,1,1,1,4,inf,321.79460287094116
16,1,64,128,256,1,1,4,1.7976931348623157e+308,324.21621012687683
4,1,2,8,64,1,1,4,1.7976931348623157e+308,326.7168688774109
8,1,2,8,8,1,1,2,1.7976931348623157e+308,329.3809742927551
128,1,2,2,16,1,1,2,1.7976931348623157e+308,331.79765915870667
2,1,2,64,4,1,1,32,1.7976931348623157e+308,334.2140522003174
256,1,1,64,8,1,1,16,1.7976931348623157e+308,336.63159108161926
256,1,64,8,256,1,1,64,inf,338.1723289489746
1,1,8,8,32,1,1,64,inf,339.79102540016174
2,1,1,8,32,1,1,2,inf,341.80170702934265
2,1,4,128,1,1,1,32,1.7976931348623157e+308,344.3055913448334
16,1,2,2,32,1,1,4,1.7976931348623157e+308,347.3809072971344
4,1,32,128,32,1,1,8,1.7976931348623157e+308,349.7995603084564
1,1,4,2,256,1,1,32,inf,351.79890489578247
1,1,32,1,4,1,1,32,1.7976931348623157e+308,354.224693775177
32,1,2,128,16,1,1,1,1.7976931348623157e+308,356.70722556114197
4,1,32,2,256,1,1,2,1.7976931348623157e+308,359.38062167167664
256,1,32,16,1,1,1,64,1.7976931348623157e+308,361.8000259399414
2,1,32,64,16,1,1,8,1.7976931348623157e+308,364.3138213157654
256,1,64,1,2,1,1,32,1.7976931348623157e+308,366.74921774864197
8,1,16,64,8,1,1,16,1.7976931348623157e+308,369.380788564682
64,1,2,4,16,1,1,32,1.7976931348623157e+308,371.8040986061096
8,1,16,4,1,1,1,64,1.7976931348623157e+308,375.38135409355164
128,1,8,128,256,1,1,64,inf,377.8072934150696
128,1,8,1,16,1,1,32,1.7976931348623157e+308,380.30045104026794
2,1,16,16,4,1,1,1,inf,382.30740451812744
16,1,4,4,8,1,1,4,1.7976931348623157e+308,385.38151717185974
256,1,16,1,16,1,1,16,1.7976931348623157e+308,387.8050639629364
1,1,4,2,2,1,1,8,1.7976931348623157e+308,390.29902029037476
256,1,16,32,4,1,1,4,1.7976931348623157e+308,392.71576285362244
32,1,4,16,16,1,1,64,1.7976931348623157e+308,395.3810911178589
4,1,2,4,32,1,1,8,1.7976931348623157e+308,397.81884932518005
256,1,4,32,2,1,1,64,1.7976931348623157e+308,400.3112850189209
256,1,32,64,8,1,1,1,1.7976931348623157e+308,403.3810667991638
4,1,32,64,16,1,1,2,1.7976931348623157e+308,405.8718774318695
2,1,4,2,16,1,1,2,1.7976931348623157e+308,408.34003806114197
256,1,64,128,1,1,1,4,inf,410.3459277153015
128,1,32,32,256,1,1,16,inf,411.8145275115967
8,1,2,1,128,1,1,64,inf,413.8634057044983
32,1,2,128,32,1,1,32,1.7976931348623157e+308,417.38135409355164
8,1,8,64,128,1,1,4,1.7976931348623157e+308,419.8909103870392
16,1,2,1,2,1,1,32,1.7976931348623157e+308,422.346684217453
256,1,16,128,1,1,1,16,1.7976931348623157e+308,425.38089084625244
256,1,64,64,64,1,1,16,1.7976931348623157e+308,427.81206464767456
256,1,16,1,256,1,1,1,1.7976931348623157e+308,430.1770453453064
16,1,8,64,16,1,1,16,1.7976931348623157e+308,432.6785237789154
32,1,4,1,256,1,1,16,inf,434.3679139614105
1,1,8,4,1,1,1,8,1.7976931348623157e+308,437.3813633918762
128,1,4,32,16,1,1,2,1.7976931348623157e+308,439.9360589981079
32,1,2,128,128,1,1,64,inf,441.93449783325195
8,1,64,32,4,1,1,32,1.7976931348623157e+308,445.3814399242401
2,1,1,128,128,1,1,16,inf,447.8182837963104
1,1,4,2,256,1,1,16,inf,449.80772519111633
256,1,2,8,32,1,1,4,1.7976931348623157e+308,452.3040552139282
4,1,16,128,16,1,1,1,1.7976931348623157e+308,455.3808264732361
2,1,8,4,64,1,1,1,1.7976931348623157e+308,457.81878113746643
16,1,16,16,256,1,1,64,inf,459.8109736442566
64,1,8,64,8,1,1,1,1.7976931348623157e+308,462.2748827934265
32,1,32,2,64,1,1,4,1.7976931348623157e+308,464.86082911491394
16,1,4,16,8,1,1,4,1.7976931348623157e+308,467.46320104599
2,1,16,64,2,1,1,1,inf,469.90166759490967
32,1,1,128,2,1,1,64,1.7976931348623157e+308,473.3809914588928
4,1,4,64,64,1,1,4,1.7976931348623157e+308,476.0934326648712
8,1,32,32,32,1,1,32,1.7976931348623157e+308,479.38110876083374
2,1,4,16,64,1,1,64,inf,481.82472229003906
64,1,8,1,8,1,1,16,1.7976931348623157e+308,484.2829384803772
8,1,32,4,16,1,1,16,1.7976931348623157e+308,487.38087463378906
64,1,64,32,1,1,1,64,1.7976931348623157e+308,490.36123299598694
1,1,1,32,128,1,1,8,inf,492.3677923679352
2,1,16,4,16,1,1,2,1.7976931348623157e+308,495.3813681602478
64,1,4,128,8,1,1,2,1.7976931348623157e+308,497.9632065296173
256,1,8,2,64,1,1,1,1.7976931348623157e+308,500.43550515174866
8,1,64,128,8,1,1,64,1.7976931348623157e+308,503.50439262390137
128,1,1,8,128,1,1,64,inf,505.9379336833954
64,1,32,4,16,1,1,16,1.7976931348623157e+308,508.3724596500397
1,1,8,128,2,1,1,1,inf,510.32173347473145
4,1,64,8,32,1,1,8,1.7976931348623157e+308,513.3813469409943
64,1,1,2,32,1,1,1,1.7976931348623157e+308,515.8418860435486
128,1,64,1,32,1,1,32,1.7976931348623157e+308,518.3760373592377
1,1,8,4,1,1,1,1,inf,520.3102819919586
64,1,2,64,1,1,1,8,1.7976931348623157e+308,523.3813211917877
256,1,32,32,4,1,1,64,1.7976931348623157e+308,525.9935183525085
4,1,64,2,2,1,1,32,1.7976931348623157e+308,528.5480794906616
64,1,1,2,256,1,1,2,1.7976931348623157e+308,531.3809006214142
8,1,32,8,32,1,1,16,1.7976931348623157e+308,533.985671043396
4,1,32,2,32,1,1,16,1.7976931348623157e+308,536.4796843528748
64,1,2,128,32,1,1,16,1.7976931348623157e+308,539.3808717727661
32,1,8,8,8,1,1,16,1.7976931348623157e+308,541.8242211341858
8,1,4,8,64,1,1,1,1.7976931348623157e+308,544.2730741500854
8,1,8,64,4,1,1,8,1.7976931348623157e+308,546.7404019832611
32,1,1,64,128,1,1,1,1.7976931348623157e+308,549.3808839321136
32,1,64,32,128,1,1,1,1.7976931348623157e+308,553.3812961578369
4,1,16,64,2,1,1,32,1.7976931348623157e+308,557.3813896179199
8,1,2,1,128,1,1,8,1.7976931348623157e+308,560.3835244178772
16,1,16,4,32,1,1,16,1.7976931348623157e+308,563.5047903060913
1,1,16,1,2,1,1,8,1.7976931348623157e+308,567.3810796737671
8,1,64,32,16,1,1,8,1.7976931348623157e+308,570.2020192146301
4,1,32,64,128,1,1,16,inf,572.2059891223907
16,1,2,16,64,1,1,2,1.7976931348623157e+308,575.381261587143
4,1,8,2,256,1,1,1,1.7976931348623157e+308,578.1433267593384
8,1,1,16,16,1,1,2,1.7976931348623157e+308,581.3810744285583
64,1,64,2,4,1,1,64,1.7976931348623157e+308,584.3296449184418
64,1,8,32,128,1,1,4,1.7976931348623157e+308,587.3806409835815
8,1,64,16,128,1,1,32,inf,589.9048216342926
256,1,1,32,4,1,1,64,1.7976931348623157e+308,593.3813369274139
256,1,2,32,32,1,1,64,inf,595.8296127319336
64,1,2,4,8,1,1,2,1.7976931348623157e+308,599.3813190460205
1,1,8,16,2,1,1,16,1.7976931348623157e+308,602.2710540294647
256,1,1,2,2,1,1,32,1.7976931348623157e+308,605.6691579818726
64,1,4,16,2,1,1,32,1.7976931348623157e+308,609.38099360466
16,1,1,16,256,1,1,64,inf,611.8295528888702
2,1,4,16,2,1,1,8,1.7976931348623157e+308,615.3813061714172
32,1,2,2,4,1,1,64,1.7976931348623157e+308,619.3813309669495
1,1,2,128,32,1,1,32,inf,621.8998501300812
256,1,2,32,4,1,1,64,1.7976931348623157e+308,625.3813261985779
2,1,16,2,32,1,1,32,1.7976931348623157e+308,629.3813843727112
64,1,32,1,64,1,1,4,1.7976931348623157e+308,632.2081537246704
2,1,64,64,4,1,1,4,1.7976931348623157e+308,635.4633378982544
16,1,2,2,8,1,1,2,1.7976931348623157e+308,638.3283896446228
256,1,2,64,64,1,1,2,1.7976931348623157e+308,641.3808741569519
4,1,4,128,2,1,1,16,1.7976931348623157e+308,644.0449862480164
8,1,8,16,1,1,1,8,1.7976931348623157e+308,647.3810601234436
64,1,4,4,8,1,1,32,1.7976931348623157e+308,650.2047448158264
128,1,16,16,64,1,1,2,1.7976931348623157e+308,653.3810143470764
4,1,16,32,8,1,1,1,1.7976931348623157e+308,656.1304013729095
8,1,16,128,16,1,1,4,1.7976931348623157e+308,659.3810002803802
128,1,16,128,128,1,1,32,inf,661.8369710445404
128,1,4,16,256,1,1,1,1.7976931348623157e+308,665.3813381195068
128,1,4,4,256,1,1,32,inf,667.8319561481476
32,1,8,8,1,1,1,8,1.7976931348623157e+308,671.3813970088959
64,1,64,16,16,1,1,1,1.7976931348623157e+308,675.3809735774994
2,1,16,4,8,1,1,32,1.7976931348623157e+308,679.3813474178314
16,1,16,128,1,1,1,64,1.7976931348623157e+308,682.3741388320923
256,1,32,16,128,1,1,2,1.7976931348623157e+308,685.3805303573608
16,1,2,1,64,1,1,8,1.7976931348623157e+308,688.1645185947418
256,1,32,4,256,1,1,4,1.7976931348623157e+308,691.3808870315552
256,1,32,16,128,1,1,4,1.7976931348623157e+308,694.1233789920807
64,1,32,32,128,1,1,4,1.7976931348623157e+308,697.3809916973114
1,1,8,64,32,1,1,32,1.7976931348623157e+308,700.2066547870636
4,1,16,32,128,1,1,32,inf,702.2725601196289
16,1,8,8,64,1,1,32,inf,703.836617231369
64,1,2,4,1,1,1,16,1.7976931348623157e+308,707.3811995983124
4,1,16,16,64,1,1,16,1.7976931348623157e+308,711.3810527324677
8,1,16,4,4,1,1,8,1.7976931348623157e+308,714.1250774860382
1,1,8,64,16,1,1,16,1.7976931348623157e+308,717.3808863162994
1,1,1,2,128,1,1,32,inf,719.844996213913
2,1,1,2,2,1,1,4,inf,721.8449606895447
1,1,16,64,8,1,1,4,1.7976931348623157e+308,725.3807129859924
256,1,1,4,256,1,1,4,1.7976931348623157e+308,729.3813993930817
4,1,32,1,16,1,1,2,1.7976931348623157e+308,733.3813166618347
64,1,8,1,4,1,1,32,1.7976931348623157e+308,736.0303583145142
4,1,1,128,256,1,1,1,1.7976931348623157e+308,739.3811235427856
256,1,16,64,256,1,1,2,1.7976931348623157e+308,742.0037770271301
16,1,32,16,64,1,1,4,1.7976931348623157e+308,745.3810470104218
32,1,4,16,8,1,1,64,1.7976931348623157e+308,749.381459236145
8,1,32,2,8,1,1,4,1.7976931348623157e+308,753.3812520503998
128,1,1,1,2,1,1,32,1.7976931348623157e+308,757.3813185691833
32,1,32,16,64,1,1,1,1.7976931348623157e+308,761.3812265396118
4,1,8,4,2,1,1,64,1.7976931348623157e+308,764.3428287506104
8,1,4,32,2,1,1,4,1.7976931348623157e+308,767.5453417301178
256,1,32,128,32,1,1,4,1.7976931348623157e+308,771.3811941146851
4,1,2,8,2,1,1,8,1.7976931348623157e+308,774.2857661247253
2,1,16,128,1,1,1,32,1.7976931348623157e+308,777.3809232711792
1,1,4,32,4,1,1,16,1.7976931348623157e+308,781.3813350200653
16,1,1,4,4,1,1,1,inf,783.8547534942627
16,1,4,8,32,1,1,16,1.7976931348623157e+308,787.3813519477844
4,1,2,16,4,1,1,2,1.7976931348623157e+308,791.3813862800598
4,1,8,32,1,1,1,64,1.7976931348623157e+308,794.0317325592041
4,1,16,1,32,1,1,64,inf,795.9838714599609
8,1,2,4,1,1,1,4,inf,797.893393278122
128,1,4,16,2,1,1,64,1.7976931348623157e+308,801.3813617229462
1,1,2,4,64,1,1,32,inf,803.8874549865723
128,1,4,16,4,1,1,1,inf,805.9648609161377
1,1,64,16,1,1,1,2,inf,807.8798067569733
32,1,8,8,4,1,1,8,1.7976931348623157e+308,811.3810772895813
128,1,64,2,1,1,1,2,inf,813.8766686916351
8,1,16,16,1,1,1,8,1.7976931348623157e+308,817.3810579776764
128,1,1,32,2,1,1,4,1.7976931348623157e+308,821.3813178539276
4,1,8,32,128,1,1,1,1.7976931348623157e+308,824.2104685306549
4,1,32,32,64,1,1,16,1.7976931348623157e+308,827.3810698986053
32,1,8,32,16,1,1,16,1.7976931348623157e+308,830.2050311565399
1,1,32,4,32,1,1,32,1.7976931348623157e+308,833.380701303482
4,1,2,64,4,1,1,16,1.7976931348623157e+308,836.1360499858856
2,1,16,8,4,1,1,1,inf,838.1342666149139
128,1,32,32,2,1,1,4,1.7976931348623157e+308,841.381386756897
64,1,64,1,2,1,1,4,1.7976931348623157e+308,844.2586879730225
32,1,4,64,128,1,1,32,inf,846.2538204193115
8,1,2,8,16,1,1,2,1.7976931348623157e+308,849.3813123703003
2,1,16,32,2,1,1,4,1.7976931348623157e+308,852.003734588623
1,1,8,2,8,1,1,32,1.7976931348623157e+308,855.381157875061
1,1,1,4,1,1,1,64,inf,857.8901934623718
4,1,2,16,4,1,1,8,1.7976931348623157e+308,861.3810651302338
64,1,64,128,64,1,1,64,inf,863.8901896476746
32,1,64,32,16,1,1,2,1.7976931348623157e+308,867.3813502788544
1,1,1,2,128,1,1,1,inf,869.8916873931885
32,1,4,64,8,1,1,32,1.7976931348623157e+308,873.3810482025146
64,1,64,2,16,1,1,1,1.7976931348623157e+308,876.0310304164886
128,1,16,32,1,1,1,2,inf,878.0340476036072
4,1,2,32,16,1,1,4,1.7976931348623157e+308,881.3814270496368
256,1,2,64,64,1,1,16,1.7976931348623157e+308,884.4128952026367
2,1,2,2,16,1,1,4,1.7976931348623157e+308,887.3805928230286
4,1,4,32,4,1,1,32,1.7976931348623157e+308,890.1107656955719
2,1,8,2,64,1,1,16,1.7976931348623157e+308,893.3810045719147
2,1,1,64,4,1,1,16,inf,895.932897567749
2,1,16,2,2,1,1,1,inf,898.0131430625916
8,1,64,64,2,1,1,4,1.7976931348623157e+308,901.3811614513397
1,1,32,4,4,1,1,64,1.7976931348623157e+308,904.0574169158936
4,1,4,2,32,1,1,64,inf,906.059591293335
128,1,4,64,32,1,1,8,1.7976931348623157e+308,909.3810164928436
64,1,16,1,256,1,1,8,inf,911.9479513168335
128,1,64,1,2,1,1,32,1.7976931348623157e+308,915.3811812400818
16,1,1,4,2,1,1,1,inf,917.9470319747925
128,1,32,4,16,1,1,4,1.7976931348623157e+308,921.3811194896698
16,1,8,2,32,1,1,8,1.7976931348623157e+308,924.1157681941986
16,1,4,128,128,1,1,2,1.7976931348623157e+308,927.3810651302338
8,1,8,8,4,1,1,8,1.7976931348623157e+308,930.1112768650055
8,1,8,8,16,1,1,4,1.7976931348623157e+308,933.3809933662415
32,1,32,16,64,1,1,16,1.7976931348623157e+308,936.4042098522186
256,1,4,32,1,1,1,1,inf,938.4017181396484
64,1,1,1,8,1,1,16,1.7976931348623157e+308,941.5046479701996
8,1,4,32,32,1,1,4,1.7976931348623157e+308,944.234724521637
32,1,2,16,2,1,1,64,1.7976931348623157e+308,947.380936384201
1,1,32,16,1,1,1,4,inf,949.9541544914246
128,1,64,2,256,1,1,8,inf,951.9564363956451
128,1,8,8,256,1,1,32,inf,953.9578063488007
32,1,32,8,8,1,1,64,1.7976931348623157e+308,957.3812522888184
2,1,16,2,1,1,1,4,inf,959.9547600746155
8,1,1,1,1,1,1,2,inf,961.9574463367462
16,1,4,16,16,1,1,16,1.7976931348623157e+308,965.3810136318207
32,1,64,2,32,1,1,8,1.7976931348623157e+308,968.0344424247742
32,1,64,4,32,1,1,32,1.7976931348623157e+308,971.381151676178
16,1,16,1,4,1,1,8,1.7976931348623157e+308,974.2112329006195
4,1,16,32,64,1,1,2,1.7976931348623157e+308,977.3808443546295
16,1,16,32,256,1,1,2,1.7976931348623157e+308,980.2258732318878
2,1,4,2,8,1,1,4,1.7976931348623157e+308,983.3810474872589
1,1,64,4,4,1,1,4,1.7976931348623157e+308,986.143711566925
128,1,1,8,8,1,1,8,1.7976931348623157e+308,989.3811793327332
4,1,8,32,2,1,1,8,1.7976931348623157e+308,992.1057178974152
1,1,4,64,32,1,1,2,1.7976931348623157e+308,995.3810651302338
16,1,64,16,256,1,1,4,1.7976931348623157e+308,998.153915643692
128,1,16,2,8,1,1,64,1.7976931348623157e+308,1001.3810439109802
128,1,64,128,64,1,1,2,1.7976931348623157e+308,1004.0906548500061
128,1,16,16,16,1,1,2,1.7976931348623157e+308,1007.3811094760895
16,1,2,64,256,1,1,8,inf,1010.0731861591339
4,1,8,1,128,1,1,2,1.7976931348623157e+308,1013.381067276001
128,1,1,4,32,1,1,1,1.7976931348623157e+308,1016.2063455581665
128,1,32,2,4,1,1,16,1.7976931348623157e+308,1019.3810019493103
32,1,8,128,128,1,1,2,1.7976931348623157e+308,1022.1130518913269
64,1,64,128,64,1,1,1,1.7976931348623157e+308,1025.3809223175049
256,1,4,128,128,1,1,16,inf,1027.9830124378204
64,1,8,2,16,1,1,2,1.7976931348623157e+308,1031.381210565567
128,1,8,8,256,1,1,4,1.7976931348623157e+308,1034.0700960159302
256,1,32,8,1,1,1,64,1.7976931348623157e+308,1037.381002664566
4,1,1,16,128,1,1,4,1.7976931348623157e+308,1040.2734644412994
128,1,8,64,2,1,1,64,1.7976931348623157e+308,1043.3809077739716
4,1,2,16,32,1,1,8,1.7976931348623157e+308,1046.2371032238007
16,1,2,32,2,1,1,32,1.7976931348623157e+308,1049.3810036182404
32,1,8,64,16,1,1,64,1.7976931348623157e+308,1052.1033880710602
128,1,1,8,64,1,1,64,inf,1054.0997898578644
8,1,32,128,64,1,1,16,1.7976931348623157e+308,1057.3811447620392
1,1,8,16,32,1,1,8,1.7976931348623157e+308,1061.3811814785004
128,1,4,1,4,1,1,32,1.7976931348623157e+308,1064.4438650608063
256,1,32,32,128,1,1,16,inf,1066.4447412490845
64,1,2,8,64,1,1,1,1.7976931348623157e+308,1069.8338329792023
16,1,8,32,128,1,1,64,inf,1072.4380450248718
64,1,64,128,64,1,1,8,1.7976931348623157e+308,1075.7108244895935
16,1,8,4,16,1,1,32,1.7976931348623157e+308,1078.7356970310211
16,1,8,4,128,1,1,8,1.7976931348623157e+308,1083.3818607330322
4,1,4,8,2,1,1,4,1.7976931348623157e+308,1087.381008863449
16,1,2,8,8,1,1,16,1.7976931348623157e+308,1091.3813064098358
1,1,2,64,4,1,1,4,inf,1094.022040605545
1,1,8,1,4,1,1,16,1.7976931348623157e+308,1097.3812079429626
4,1,8,128,128,1,1,1,1.7976931348623157e+308,1101.3811700344086
64,1,16,32,1,1,1,1,inf,1104.0180749893188
4,1,2,32,16,1,1,8,1.7976931348623157e+308,1107.3810107707977
64,1,1,128,8,1,1,1,1.7976931348623157e+308,1110.2209277153015
2,1,32,2,2,1,1,1,inf,1112.2179806232452
256,1,8,4,1,1,1,16,1.7976931348623157e+308,1115.3810923099518
32,1,1,64,4,1,1,16,1.7976931348623157e+308,1118.2232258319855
1,1,2,4,64,1,1,1,inf,1120.2195298671722
4,1,64,128,8,1,1,64,1.7976931348623157e+308,1123.381296634674
128,1,4,32,2,1,1,32,1.7976931348623157e+308,1126.4438333511353
128,1,8,2,4,1,1,8,1.7976931348623157e+308,1129.9158306121826
32,1,16,2,64,1,1,16,1.7976931348623157e+308,1132.764952659607
2,1,16,64,4,1,1,8,1.7976931348623157e+308,1135.6272988319397
256,1,64,4,128,1,1,8,1.7976931348623157e+308,1138.399401664734
2,1,16,64,128,1,1,2,1.7976931348623157e+308,1141.3810307979584
32,1,1,32,128,1,1,64,inf,1144.0484948158264
64,1,32,2,128,1,1,1,1.7976931348623157e+308,1147.381310224533
16,1,4,64,128,1,1,1,1.7976931348623157e+308,1150.447961807251
8,1,2,4,32,1,1,2,1.7976931348623157e+308,1153.3807888031006
256,1,2,128,16,1,1,4,1.7976931348623157e+308,1157.3810198307037
2,1,8,1,16,1,1,8,1.7976931348623157e+308,1161.3809921741486
32,1,32,16,1,1,1,2,inf,1164.0248923301697
32,1,16,64,1,1,1,4,inf,1166.0212247371674
256,1,32,64,8,1,1,4,1.7976931348623157e+308,1169.3811609745026
1,1,8,128,64,1,1,2,1.7976931348623157e+308,1172.2301003932953
8,1,8,8,256,1,1,64,inf,1174.2355477809906
128,1,4,2,256,1,1,4,1.7976931348623157e+308,1177.4635055065155
8,1,1,16,128,1,1,64,inf,1180.1088511943817
8,1,32,32,64,1,1,4,1.7976931348623157e+308,1183.381198644638
256,1,64,128,32,1,1,64,inf,1186.0348091125488
128,1,8,1,2,1,1,16,1.7976931348623157e+308,1189.3810045719147
2,1,4,16,2,1,1,4,1.7976931348623157e+308,1193.3810472488403
128,1,8,4,1,1,1,64,1.7976931348623157e+308,1196.5595934391022
8,1,16,32,256,1,1,1,1.7976931348623157e+308,1201.3817954063416
128,1,2,4,2,1,1,32,1.7976931348623157e+308,1205.381101846695
8,1,2,16,8,1,1,4,1.7976931348623157e+308,1209.3810498714447
64,1,16,16,4,1,1,32,1.7976931348623157e+308,1213.3812489509583
2,1,64,4,128,1,1,1,1.7976931348623157e+308,1217.3810391426086
4,1,1,32,2,1,1,8,1.7976931348623157e+308,1220.396695613861
16,1,16,8,4,1,1,8,1.7976931348623157e+308,1223.7103080749512
32,1,8,32,1,1,1,64,1.7976931348623157e+308,1227.3807423114777
2,1,1,32,8,1,1,16,inf,1230.0278346538544
16,1,4,16,256,1,1,8,inf,1232.0423033237457
128,1,1,32,8,1,1,4,1.7976931348623157e+308,1235.3810353279114
128,1,2,32,32,1,1,32,1.7976931348623157e+308,1238.4111697673798
1,1,16,64,8,1,1,64,1.7976931348623157e+308,1241.915682554245
32,1,16,4,128,1,1,32,inf,1244.4580183029175
256,1,2,4,128,1,1,32,inf,1246.0280711650848
16,1,1,128,32,1,1,32,1.7976931348623157e+308,1249.3810040950775
16,1,16,2,64,1,1,8,1.7976931348623157e+308,1252.52978181839
8,1,8,64,8,1,1,4,1.7976931348623157e+308,1255.8332233428955
64,1,4,32,4,1,1,8,1.7976931348623157e+308,1258.9203596115112
128,1,8,2,1,1,1,16,1.7976931348623157e+308,1261.915680885315
1,1,2,16,1,1,1,8,inf,1264.5974810123444
8,1,1,1,32,1,1,16,1.7976931348623157e+308,1269.3816390037537
2,1,8,8,256,1,1,1,1.7976931348623157e+308,1273.381239414215
2,1,1,1,1,1,1,4,inf,1276.0632045269012
64,1,1,64,4,1,1,1,inf,1278.049208164215
32,1,32,4,128,1,1,16,inf,1280.053748846054
8,1,4,8,1,1,1,8,1.7976931348623157e+308,1283.3809847831726
2,1,2,128,4,1,1,16,1.7976931348623157e+308,1286.1561303138733
16,1,4,4,256,1,1,1,1.7976931348623157e+308,1289.380851507187
4,1,32,1,2,1,1,4,1.7976931348623157e+308,1293.3811495304108
128,1,16,1,2,1,1,16,1.7976931348623157e+308,1296.5643758773804
128,1,4,2,4,1,1,4,1.7976931348623157e+308,1299.6275544166565
8,1,32,4,256,1,1,8,inf,1302.3267464637756
4,1,16,8,256,1,1,2,1.7976931348623157e+308,1305.3810000419617
256,1,64,2,8,1,1,4,1.7976931348623157e+308,1308.1836450099945
1,1,2,2,256,1,1,64,inf,1310.234968662262
2,1,32,1,32,1,1,32,1.7976931348623157e+308,1313.3811411857605
128,1,2,2,4,1,1,8,1.7976931348623157e+308,1316.191261768341
32,1,32,2,2,1,1,32,1.7976931348623157e+308,1319.3810648918152
256,1,8,128,256,1,1,16,inf,1322.0603396892548
1,1,1,8,64,1,1,2,inf,1324.0535049438477
16,1,16,16,32,1,1,4,1.7976931348623157e+308,1327.3811180591583
4,1,1,1,128,1,1,2,1.7976931348623157e+308,1330.1115357875824
256,1,1,2,4,1,1,16,1.7976931348623157e+308,1333.3809788227081
64,1,64,16,128,1,1,1,1.7976931348623157e+308,1336.5700166225433
64,1,1,32,2,1,1,16,1.7976931348623157e+308,1339.7921710014343
16,1,2,8,128,1,1,2,1.7976931348623157e+308,1342.8942458629608
2,1,2,4,2,1,1,64,1.7976931348623157e+308,1347.3818092346191
32,1,8,32,256,1,1,32,inf,1350.0729489326477
2,1,16,32,1,1,1,64,1.7976931348623157e+308,1353.3811683654785
8,1,32,4,32,1,1,4,1.7976931348623157e+308,1356.528475522995
16,1,8,4,256,1,1,16,inf,1358.5211730003357
32,1,32,8,64,1,1,16,1.7976931348623157e+308,1361.6281876564026
2,1,2,64,4,1,1,8,1.7976931348623157e+308,1364.683495759964
32,1,4,8,32,1,1,8,1.7976931348623157e+308,1367.8746421337128
128,1,4,128,2,1,1,64,1.7976931348623157e+308,1371.3805990219116
16,1,32,1,1,1,1,32,1.7976931348623157e+308,1375.3810522556305
128,1,1,16,4,1,1,8,1.7976931348623157e+308,1379.3809916973114
16,1,16,32,1,1,1,16,1.7976931348623157e+308,1383.3810303211212
128,1,32,32,64,1,1,64,inf,1386.0632796287537
256,1,1,2,128,1,1,64,inf,1388.0860681533813
256,1,4,4,1,1,1,1,inf,1390.0895354747772
8,1,64,8,16,1,1,2,1.7976931348623157e+308,1393.3809752464294
2,1,4,4,1,1,1,4,inf,1395.984054327011
32,1,8,4,128,1,1,64,inf,1398.1536915302277
128,1,16,2,16,1,1,4,1.7976931348623157e+308,1401.3810777664185
64,1,8,128,256,1,1,2,1.7976931348623157e+308,1404.5820515155792
128,1,1,64,32,1,1,1,1.7976931348623157e+308,1407.5454187393188
16,1,8,2,4,1,1,64,1.7976931348623157e+308,1410.6776790618896
16,1,8,16,1,1,1,8,1.7976931348623157e+308,1413.586580991745
8,1,1,8,16,1,1,4,1.7976931348623157e+308,1416.467442035675
256,1,1,16,2,1,1,64,1.7976931348623157e+308,1419.3809297084808
4,1,1,16,4,1,1,16,1.7976931348623157e+308,1422.2110006809235
256,1,64,32,32,1,1,8,1.7976931348623157e+308,1425.380898475647
16,1,8,128,8,1,1,2,1.7976931348623157e+308,1427.9820919036865
16,1,64,4,128,1,1,32,inf,1430.0835464000702
2,1,1,2,32,1,1,4,inf,1432.0829465389252
64,1,1,128,16,1,1,64,1.7976931348623157e+308,1435.381118774414
2,1,1,4,4,1,1,64,inf,1438.0860850811005
64,1,32,8,2,1,1,4,1.7976931348623157e+308,1441.3809480667114
256,1,2,64,16,1,1,1,1.7976931348623157e+308,1443.9837079048157
32,1,4,16,32,1,1,16,1.7976931348623157e+308,1447.3810381889343
64,1,4,8,128,1,1,32,inf,1450.0829629898071
32,1,32,64,16,1,1,8,1.7976931348623157e+308,1453.381088256836
4,1,8,1,32,1,1,32,1.7976931348623157e+308,1456.0980451107025
8,1,4,32,4,1,1,8,1.7976931348623157e+308,1459.3810496330261
32,1,64,16,32,1,1,4,1.7976931348623157e+308,1462.0932865142822
1,1,1,16,4,1,1,8,inf,1464.0909061431885
4,1,1,128,256,1,1,2,1.7976931348623157e+308,1467.3811211585999
128,1,4,64,1,1,1,8,1.7976931348623157e+308,1470.093761920929
256,1,32,64,32,1,1,2,1.7976931348623157e+308,1473.3810737133026
4,1,16,1,1,1,1,32,1.7976931348623157e+308,1476.1717326641083
16,1,4,64,4,1,1,4,1.7976931348623157e+308,1479.3809065818787
16,1,8,16,128,1,1,4,1.7976931348623157e+308,1482.173591852188
128,1,8,64,256,1,1,8,inf,1484.1706745624542
16,1,1,16,1,1,1,32,1.7976931348623157e+308,1487.3810725212097
4,1,4,32,32,1,1,32,1.7976931348623157e+308,1490.0960819721222
2,1,32,1,64,1,1,2,1.7976931348623157e+308,1493.3811089992523
128,1,32,8,256,1,1,8,inf,1495.9817564487457
2,1,1,32,8,1,1,2,inf,1498.0917313098907
32,1,8,8,256,1,1,1,1.7976931348623157e+308,1501.3809945583344
64,1,1,32,256,1,1,8,inf,1504.0999705791473
256,1,1,4,256,1,1,16,inf,1506.0895926952362
16,1,8,128,8,1,1,16,1.7976931348623157e+308,1509.381070137024
1,1,8,32,8,1,1,64,1.7976931348623157e+308,1512.000477552414
8,1,16,1,8,1,1,16,1.7976931348623157e+308,1515.3810822963715
32,1,8,64,128,1,1,2,1.7976931348623157e+308,1518.1211779117584
32,1,4,4,4,1,1,32,1.7976931348623157e+308,1521.381204366684
8,1,16,128,1,1,1,32,1.7976931348623157e+308,1524.1894235610962
128,1,4,2,1,1,1,4,inf,1526.1831724643707
2,1,1,128,32,1,1,1,inf,1527.9818048477173
64,1,32,1,128,1,1,2,1.7976931348623157e+308,1531.381042957306
256,1,4,8,256,1,1,1,1.7976931348623157e+308,1534.1849989891052
64,1,32,4,16,1,1,8,1.7976931348623157e+308,1537.3809044361115
8,1,8,2,2,1,1,64,1.7976931348623157e+308,1540.106758594513
8,1,2,16,1,1,1,8,1.7976931348623157e+308,1543.3811991214752
64,1,8,4,8,1,1,64,1.7976931348623157e+308,1546.1181027889252
32,1,8,4,16,1,1,4,1.7976931348623157e+308,1549.3810238838196
2,1,32,2,2,1,1,16,1.7976931348623157e+308,1552.1060330867767
8,1,1,2,2,1,1,1,inf,1554.1119678020477
128,1,32,4,256,1,1,1,1.7976931348623157e+308,1557.5459368228912
32,1,2,32,1,1,1,2,inf,1560.2837693691254
128,1,32,1,2,1,1,16,1.7976931348623157e+308,1563.3811738491058
2,1,4,8,8,1,1,4,1.7976931348623157e+308,1566.1230032444
2,1,16,128,64,1,1,2,1.7976931348623157e+308,1569.3809177875519
2,1,2,4,64,1,1,2,1.7976931348623157e+308,1572.103996038437
2,1,1,4,32,1,1,1,inf,1574.110895872116
8,1,32,64,4,1,1,8,1.7976931348623157e+308,1577.3811419010162
128,1,64,1,1,1,1,8,1.7976931348623157e+308,1581.3810212612152
2,1,1,1,32,1,1,32,inf,1584.1089873313904
64,1,8,128,128,1,1,1,1.7976931348623157e+308,1587.3811585903168
32,1,2,128,16,1,1,4,1.7976931348623157e+308,1590.1177611351013
16,1,16,8,2,1,1,2,inf,1592.1075196266174
1,1,1,8,16,1,1,64,inf,1594.114952325821
4,1,16,8,2,1,1,64,1.7976931348623157e+308,1597.3809914588928
64,1,16,8,2,1,1,2,inf,1599.9938097000122
16,1,16,2,32,1,1,32,1.7976931348623157e+308,1603.3811552524567
128,1,1,8,256,1,1,2,1.7976931348623157e+308,1606.1220681667328
4,1,32,2,1,1,1,64,1.7976931348623157e+308,1609.381186246872
2,1,4,32,8,1,1,16,1.7976931348623157e+308,1612.12074136734
2,1,8,2,32,1,1,1,1.7976931348623157e+308,1615.3810603618622
2,1,1,4,256,1,1,32,inf,1618.1131474971771
64,1,32,32,32,1,1,64,inf,1620.1178085803986
128,1,16,4,2,1,1,8,1.7976931348623157e+308,1623.3809881210327
16,1,64,4,4,1,1,2,1.7976931348623157e+308,1626.1255915164948
1,1,16,8,8,1,1,2,1.7976931348623157e+308,1629.3808071613312
8,1,32,64,4,1,1,2,1.7976931348623157e+308,1632.194653749466
256,1,1,16,8,1,1,8,1.7976931348623157e+308,1635.3808538913727
32,1,32,4,16,1,1,32,1.7976931348623157e+308,1638.1077027320862
1,1,16,16,8,1,1,1,1.7976931348623157e+308,1641.3809204101562
1,1,2,32,8,1,1,32,inf,1643.9898045063019
256,1,4,64,4,1,1,4,1.7976931348623157e+308,1647.3809480667114
256,1,4,1,64,1,1,16,1.7976931348623157e+308,1650.1142098903656
1,1,32,8,4,1,1,64,1.7976931348623157e+308,1653.3810195922852
2,1,64,2,256,1,1,32,inf,1656.1146507263184
64,1,2,1,2,1,1,16,1.7976931348623157e+308,1659.3810889720917
128,1,8,32,32,1,1,32,1.7976931348623157e+308,1662.152781009674
32,1,4,64,2,1,1,2,inf,1664.291255235672
4,1,4,128,8,1,1,16,1.7976931348623157e+308,1667.3810393810272
16,1,4,8,256,1,1,8,inf,1670.1391892433167
64,1,32,8,4,1,1,4,1.7976931348623157e+308,1673.3810913562775
1,1,32,128,4,1,1,16,1.7976931348623157e+308,1676.1339921951294
64,1,16,2,1,1,1,16,1.7976931348623157e+308,1679.3810312747955
2,1,32,1,64,1,1,4,1.7976931348623157e+308,1682.138962984085
256,1,4,2,4,1,1,8,1.7976931348623157e+308,1685.3812229633331
4,1,32,128,2,1,1,4,1.7976931348623157e+308,1688.127563714981
64,1,32,4,64,1,1,8,1.7976931348623157e+308,1691.3809051513672
128,1,64,1,8,1,1,16,1.7976931348623157e+308,1694.1348819732666
2,1,32,16,32,1,1,4,1.7976931348623157e+308,1697.3809876441956
4,1,4,1,16,1,1,8,1.7976931348623157e+308,1700.1298956871033
1,1,4,16,2,1,1,1,inf,1702.1191749572754
4,1,8,64,64,1,1,1,1.7976931348623157e+308,1705.3812334537506
8,1,32,8,1,1,1,16,1.7976931348623157e+308,1708.204442024231
128,1,4,128,256,1,1,8,inf,1710.2123453617096
1,1,64,64,64,1,1,4,1.7976931348623157e+308,1713.3810391426086
1,1,16,128,128,1,1,16,inf,1716.173849105835
8,1,64,128,4,1,1,2,1.7976931348623157e+308,1719.3810257911682
64,1,16,2,256,1,1,16,inf,1722.1396610736847
8,1,64,16,32,1,1,16,1.7976931348623157e+308,1725.3809940814972
16,1,1,4,256,1,1,1,1.7976931348623157e+308,1728.0090715885162
256,1,4,32,2,1,1,1,inf,1730.1251211166382
64,1,8,16,64,1,1,64,inf,1732.119627714157
1,1,4,8,256,1,1,32,inf,1734.1135821342468
8,1,1,8,32,1,1,64,inf,1735.9909048080444
16,1,8,128,4,1,1,16,1.7976931348623157e+308,1739.3809759616852
32,1,32,128,1,1,1,64,1.7976931348623157e+308,1743.3810954093933
32,1,32,32,32,1,1,64,inf,1746.1287631988525
4,1,4,128,128,1,1,8,1.7976931348623157e+308,1749.380954027176
2,1,8,2,64,1,1,64,inf,1752.130431175232
32,1,16,8,1,1,1,8,1.7976931348623157e+308,1755.3812234401703
64,1,2,1,32,1,1,16,1.7976931348623157e+308,1758.1351611614227
32,1,16,1,64,1,1,1,1.7976931348623157e+308,1761.3810739517212
64,1,8,32,16,1,1,8,1.7976931348623157e+308,1764.29580783844
64,1,1,1,16,1,1,2,1.7976931348623157e+308,1767.3809185028076
4,1,64,4,2,1,1,4,1.7976931348623157e+308,1770.127732038498
1,1,2,1,2,1,1,32,inf,1771.9914510250092
16,1,2,32,64,1,1,16,1.7976931348623157e+308,1775.3808748722076
8,1,16,2,8,1,1,16,1.7976931348623157e+308,1778.2155492305756
16,1,4,32,16,1,1,8,1.7976931348623157e+308,1781.3809902668
256,1,64,64,128,1,1,16,inf,1783.994241476059
128,1,4,64,128,1,1,8,1.7976931348623157e+308,1787.3809080123901
4,1,4,2,8,1,1,8,1.7976931348623157e+308,1790.1346414089203
2,1,2,8,128,1,1,64,inf,1792.1286516189575
16,1,2,4,8,1,1,1,1.7976931348623157e+308,1795.380972146988
32,1,2,8,64,1,1,1,1.7976931348623157e+308,1798.2486009597778
4,1,2,2,64,1,1,32,inf,1800.1218898296356
256,1,1,2,256,1,1,32,inf,1802.1460220813751
16,1,32,8,32,1,1,64,inf,1804.1417846679688
4,1,16,32,32,1,1,32,1.7976931348623157e+308,1807.3812501430511
32,1,64,64,16,1,1,1,1.7976931348623157e+308,1810.3510155677795
4,1,2,64,2,1,1,8,1.7976931348623157e+308,1813.3808329105377
256,1,4,128,128,1,1,64,inf,1816.1367495059967
64,1,16,32,64,1,1,16,1.7976931348623157e+308,1819.3810894489288
2,1,4,4,2,1,1,4,1.7976931348623157e+308,1822.1296577453613
2,1,1,8,16,1,1,16,inf,1824.1336469650269
8,1,1,32,32,1,1,4,1.7976931348623157e+308,1827.3809807300568
256,1,16,1,1,1,1,2,inf,1830.1308064460754
128,1,64,128,16,1,1,32,1.7976931348623157e+308,1833.3810787200928
64,1,32,8,2,1,1,16,1.7976931348623157e+308,1836.137044429779
8,1,4,16,8,1,1,4,1.7976931348623157e+308,1839.3809652328491
1,1,2,2,64,1,1,2,inf,1842.1302509307861
8,1,64,32,256,1,1,32,inf,1843.9919183254242
2,1,32,1,1,1,1,2,inf,1846.1212503910065
1,1,8,8,128,1,1,2,1.7976931348623157e+308,1849.3809044361115
256,1,64,16,32,1,1,4,1.7976931348623157e+308,1852.1267020702362
2,1,16,16,8,1,1,2,1.7976931348623157e+308,1855.3811204433441
64,1,8,64,8,1,1,2,1.7976931348623157e+308,1858.1484813690186
1,1,64,128,32,1,1,4,1.7976931348623157e+308,1861.3811745643616
16,1,2,4,128,1,1,8,1.7976931348623157e+308,1863.9880554676056
16,1,4,64,1,1,1,2,inf,1866.1356534957886
8,1,32,128,64,1,1,1,1.7976931348623157e+308,1869.3811378479004
128,1,16,128,16,1,1,4,1.7976931348623157e+308,1872.1230919361115
128,1,2,32,4,1,1,64,1.7976931348623157e+308,1875.3810312747955
64,1,32,2,4,1,1,16,1.7976931348623157e+308,1877.9907956123352
32,1,64,32,4,1,1,1,inf,1880.124966621399
8,1,16,128,128,1,1,32,inf,1882.1265785694122
2,1,16,8,2,1,1,2,inf,1884.1276652812958
256,1,1,8,256,1,1,4,1.7976931348623157e+308,1887.3812372684479
4,1,1,8,256,1,1,16,inf,1890.1323177814484
2,1,1,32,16,1,1,64,inf,1892.1333286762238
32,1,64,128,16,1,1,1,1.7976931348623157e+308,1895.381208896637
256,1,1,2,64,1,1,32,inf,1898.1508841514587
32,1,1,128,1,1,1,64,1.7976931348623157e+308,1901.3811609745026
1,1,16,64,4,1,1,2,1.7976931348623157e+308,1904.2212808132172
64,1,4,8,4,1,1,1,inf,1906.223431110382
1,1,8,1,128,1,1,16,inf,1908.0028171539307
1,1,32,4,16,1,1,8,1.7976931348623157e+308,1911.38116812706
64,1,64,32,4,1,1,1,inf,1914.1432797908783
64,1,8,64,256,1,1,4,1.7976931348623157e+308,1917.3810482025146
1,1,16,32,32,1,1,64,inf,1919.9942309856415
2,1,32,2,256,1,1,32,inf,1922.1392900943756
32,1,4,4,128,1,1,32,inf,1924.1329324245453
4,1,32,8,64,1,1,16,1.7976931348623157e+308,1927.3810529708862
8,1,8,64,128,1,1,2,1.7976931348623157e+308,1930.1440732479095
8,1,2,4,128,1,1,1,1.7976931348623157e+308,1933.3809702396393
4,1,4,4,32,1,1,4,1.7976931348623157e+308,1935.9953351020813
256,1,1,1,256,1,1,4,1.7976931348623157e+308,1939.380867242813
128,1,64,64,64,1,1,64,inf,1942.140366077423
32,1,32,1,32,1,1,1,1.7976931348623157e+308,1945.3810608386993
8,1,8,128,4,1,1,64,1.7976931348623157e+308,1948.143880367279
4,1,2,2,16,1,1,16,1.7976931348623157e+308,1951.38108086586
128,1,32,8,256,1,1,1,1.7976931348623157e+308,1954.1320571899414
8,1,64,2,256,1,1,8,inf,1956.1400094032288
128,1,32,64,1,1,1,64,1.7976931348623157e+308,1959.3810539245605
32,1,1,2,128,1,1,4,1.7976931348623157e+308,1962.079482793808
16,1,1,8,64,1,1,2,1.7976931348623157e+308,1965.3808929920197
8,1,64,64,64,1,1,4,1.7976931348623157e+308,1968.1418852806091
64,1,8,1,4,1,1,8,1.7976931348623157e+308,1971.3810358047485
64,1,16,2,8,1,1,2,1.7976931348623157e+308,1974.2352583408356
2,1,1,64,128,1,1,2,inf,1976.2336201667786
2,1,2,1,32,1,1,8,1.7976931348623157e+308,1979.3810527324677
4,1,16,4,16,1,1,8,1.7976931348623157e+308,1982.1381180286407
32,1,16,4,1,1,1,32,1.7976931348623157e+308,1985.381186246872
16,1,4,128,64,1,1,4,1.7976931348623157e+308,1988.1447372436523
4,1,32,128,256,1,1,16,inf,1990.1323277950287
8,1,4,32,16,1,1,64,1.7976931348623157e+308,1993.3810231685638
4,1,16,2,32,1,1,8,1.7976931348623157e+308,1996.1480538845062
2,1,32,1,2,1,1,8,1.7976931348623157e+308,1999.381109237671
256,1,8,32,128,1,1,1,1.7976931348623157e+308,2002.1485085487366
32,1,64,4,8,1,1,64,1.7976931348623157e+308,2005.381227016449
256,1,4,64,128,1,1,8,1.7976931348623157e+308,2008.1481149196625
16,1,16,4,64,1,1,16,1.7976931348623157e+308,2011.3810651302338
128,1,16,32,8,1,1,2,1.7976931348623157e+308,2014.2640068531036
2,1,4,32,1,1,1,1,inf,2016.123429775238
2,1,1,2,8,1,1,32,inf,2018.143624305725
256,1,4,128,128,1,1,2,1.7976931348623157e+308,2021.3809914588928
4,1,8,2,64,1,1,2,1.7976931348623157e+308,2023.9972124099731
32,1,8,64,32,1,1,64,inf,2026.14057803154
128,1,1,64,4,1,1,2,1.7976931348623157e+308,2029.381115436554
2,1,1,16,1,1,1,1,inf,2032.159826040268
16,1,64,1,4,1,1,64,1.7976931348623157e+308,2035.3810472488403
32,1,2,64,256,1,1,2,1.7976931348623157e+308,2038.1500084400177
2,1,1,32,32,1,1,64,inf,2040.1420991420746
32,1,16,32,128,1,1,8,1.7976931348623157e+308,2043.381073474884
8,1,2,16,8,1,1,64,1.7976931348623157e+308,2045.9945986270905
16,1,8,128,64,1,1,32,inf,2048.147703409195
8,1,8,128,2,1,1,8,1.7976931348623157e+308,2051.3811848163605
1,1,16,8,2,1,1,4,1.7976931348623157e+308,2053.9930799007416
1,1,64,2,4,1,1,32,1.7976931348623157e+308,2057.380947113037
8,1,1,128,2,1,1,16,1.7976931348623157e+308,2060.1427206993103
1,1,64,2,64,1,1,64,inf,2062.1480123996735
4,1,16,64,32,1,1,4,1.7976931348623157e+308,2065.3811135292053
2,1,2,64,32,1,1,1,1.7976931348623157e+308,2068.0064799785614
256,1,32,32,64,1,1,32,inf,2070.1610791683197
1,1,64,2,32,1,1,1,1.7976931348623157e+308,2073.380978822708
8,1,2,128,256,1,1,32,inf,2075.9923305511475
2,1,2,64,4,1,1,2,1.7976931348623157e+308,2079.381005525589
32,1,1,8,4,1,1,4,1.7976931348623157e+308,2082.146203517914
128,1,4,8,16,1,1,32,1.7976931348623157e+308,2085.381177663803
64,1,64,16,64,1,1,64,inf,2088.148637533188
1,1,16,8,64,1,1,64,inf,2090.148977279663
4,1,2,128,16,1,1,4,1.7976931348623157e+308,2093.3812716007233
256,1,16,64,64,1,1,2,1.7976931348623157e+308,2096.1532661914825
16,1,32,64,64,1,1,2,1.7976931348623157e+308,2099.381048679352
256,1,2,128,4,1,1,1,inf,2102.0118050575256
8,1,16,8,16,1,1,32,1.7976931348623157e+308,2105.381123781204
2,1,4,8,8,1,1,64,1.7976931348623157e+308,2108.1680364608765
8,1,1,4,4,1,1,64,1.7976931348623157e+308,2111.3808195590973
8,1,1,2,64,1,1,2,1.7976931348623157e+308,2114.1668882369995
128,1,16,1,64,1,1,8,1.7976931348623157e+308,2117.3807747364044
4,1,8,16,128,1,1,8,1.7976931348623157e+308,2120.1576914787292
2,1,4,4,16,1,1,4,1.7976931348623157e+308,2123.3811321258545
8,1,4,32,32,1,1,16,1.7976931348623157e+308,2126.173605442047
16,1,8,64,8,1,1,64,1.7976931348623157e+308,2129.3810198307037
16,1,8,4,1,1,1,2,inf,2132.008257627487
4,1,4,2,16,1,1,64,1.7976931348623157e+308,2135.381071805954
2,1,64,2,2,1,1,4,1.7976931348623157e+308,2138.170801639557
8,1,64,32,4,1,1,64,1.7976931348623157e+308,2141.3811576366425
64,1,4,1,32,1,1,1,1.7976931348623157e+308,2144.168454647064
8,1,64,64,2,1,1,1,inf,2146.165497303009
8,1,8,4,64,1,1,32,inf,2148.1654806137085
8,1,16,4,1,1,1,1,inf,2150.0030579566956
16,1,4,1,2,1,1,32,1.7976931348623157e+308,2153.3810873031616
128,1,1,2,8,1,1,16,1.7976931348623157e+308,2156.1541996002197
128,1,32,128,4,1,1,64,1.7976931348623157e+308,2159.381247282028
256,1,16,16,1,1,1,4,inf,2162.155393600464
64,1,16,1,32,1,1,4,1.7976931348623157e+308,2167.38174533844
32,1,2,4,128,1,1,2,1.7976931348623157e+308,2169.991672515869
16,1,64,128,8,1,1,4,1.7976931348623157e+308,2173.381016254425
128,1,8,4,1,1,1,1,inf,2176.1552407741547
4,1,2,128,128,1,1,32,inf,2177.9896745681763
128,1,1,4,2,1,1,16,1.7976931348623157e+308,2181.380952835083
4,1,32,1,2,1,1,32,1.7976931348623157e+308,2184.1531376838684
256,1,32,16,16,1,1,32,1.7976931348623157e+308,2187.380903482437
256,1,8,2,2,1,1,16,1.7976931348623157e+308,2189.991314649582
4,1,2,16,16,1,1,32,1.7976931348623157e+308,2193.3808948993683
8,1,4,1,4,1,1,8,1.7976931348623157e+308,2195.993927001953
32,1,2,4,1,1,1,2,inf,2198.1564486026764
32,1,8,8,32,1,1,1,1.7976931348623157e+308,2201.3808007240295
8,1,32,128,2,1,1,16,1.7976931348623157e+308,2203.9957785606384
2,1,2,2,1,1,1,2,inf,2206.1550483703613
128,1,8,128,32,1,1,8,1.7976931348623157e+308,2209.3808810710907
1,1,1,64,2,1,1,16,inf,2212.1515843868256
128,1,1,16,256,1,1,16,inf,2213.9879813194275
8,1,64,4,16,1,1,8,1.7976931348623157e+308,2217.380926132202
128,1,16,16,16,1,1,1,1.7976931348623157e+308,2220.147104024887
64,1,1,2,32,1,1,64,inf,2222.1447393894196
4,1,32,4,64,1,1,16,1.7976931348623157e+308,2225.3812823295593
16,1,64,1,32,1,1,32,1.7976931348623157e+308,2228.1556293964386
8,1,16,16,256,1,1,64,inf,2230.1477456092834
2,1,2,1,64,1,1,4,1.7976931348623157e+308,2233.381052017212
4,1,32,32,4,1,1,64,1.7976931348623157e+308,2236.1519997119904
1,1,8,16,64,1,1,4,1.7976931348623157e+308,2239.381170988083
64,1,1,2,16,1,1,4,1.7976931348623157e+308,2242.155753850937
8,1,32,128,16,1,1,1,1.7976931348623157e+308,2245.3811099529266
32,1,64,128,2,1,1,16,1.7976931348623157e+308,2248.158002614975
128,1,1,4,64,1,1,4,1.7976931348623157e+308,2251.3812375068665
32,1,2,32,2,1,1,16,1.7976931348623157e+308,2254.150211572647
4,1,32,64,8,1,1,16,1.7976931348623157e+308,2257.3810181617737
128,1,8,16,128,1,1,64,inf,2260.1589057445526
32,1,2,32,128,1,1,4,1.7976931348623157e+308,2263.38130068779
1,1,16,64,256,1,1,64,inf,2266.1532621383667
256,1,1,128,2,1,1,2,inf,2268.1618826389313
256,1,1,64,128,1,1,16,inf,2269.994155883789
8,1,8,16,32,1,1,2,1.7976931348623157e+308,2273.380963087082
1,1,32,4,16,1,1,1,1.7976931348623157e+308,2275.98485660553
64,1,16,2,32,1,1,8,1.7976931348623157e+308,2279.3809475898743
16,1,16,8,128,1,1,4,1.7976931348623157e+308,2282.156553506851
256,1,64,64,64,1,1,64,inf,2283.9947686195374
2,1,2,32,4,1,1,32,1.7976931348623157e+308,2287.3810300827026
32,1,16,32,1,1,1,2,inf,2290.1569578647614
256,1,64,1,256,1,1,8,inf,2292.15350317955
256,1,2,4,2,1,1,16,1.7976931348623157e+308,2295.381157875061
2,1,2,128,16,1,1,1,1.7976931348623157e+308,2298.279022216797
1,1,64,32,8,1,1,32,1.7976931348623157e+308,2301.3808839321136
1,1,1,1,256,1,1,4,inf,2303.9889557361603
4,1,8,64,32,1,1,16,1.7976931348623157e+308,2307.380887746811
1,1,16,64,2,1,1,16,1.7976931348623157e+308,2310.1650636196136
32,1,8,16,2,1,1,2,inf,2311.999945163727
32,1,16,128,2,1,1,8,1.7976931348623157e+308,2315.380956172943
32,1,2,16,2,1,1,2,inf,2318.1646416187286
4,1,1,128,32,1,1,16,1.7976931348623157e+308,2321.38126039505
16,1,1,8,64,1,1,4,1.7976931348623157e+308,2324.1699068546295
8,1,2,2,1,1,1,16,1.7976931348623157e+308,2327.381044149399
8,1,64,32,2,1,1,4,1.7976931348623157e+308,2329.988011598587
2,1,4,8,16,1,1,2,1.7976931348623157e+308,2333.381079673767
1,1,2,128,8,1,1,8,inf,2335.984048843384
4,1,16,16,128,1,1,2,1.7976931348623157e+308,2339.3808999061584
1,1,16,8,32,1,1,16,1.7976931348623157e+308,2342.1624710559845
2,1,32,1,128,1,1,4,1.7976931348623157e+308,2345.3810334205627
2,1,1,16,16,1,1,8,inf,2348.157842874527
128,1,32,128,2,1,1,16,1.7976931348623157e+308,2351.3809509277344
32,1,1,8,8,1,1,16,1.7976931348623157e+308,2354.188060283661
2,1,64,32,64,1,1,8,1.7976931348623157e+308,2357.3811118602753
1,1,2,8,4,1,1,64,inf,2360.1718895435333
64,1,64,32,1,1,1,8,1.7976931348623157e+308,2363.3812885284424
64,1,64,128,4,1,1,2,1.7976931348623157e+308,2366.156635761261
4,1,1,64,8,1,1,1,1.7976931348623157e+308,2369.381006002426
16,1,1,2,4,1,1,1,inf,2372.0144426822662
1,1,1,128,1,1,1,64,inf,2374.1898362636566
8,1,32,8,32,1,1,2,1.7976931348623157e+308,2377.381074666977
1,1,64,4,16,1,1,64,1.7976931348623157e+308,2379.9964265823364
1,1,2,16,16,1,1,16,inf,2382.162932395935
4,1,16,16,64,1,1,64,inf,2384.1643409729004
64,1,16,64,32,1,1,16,1.7976931348623157e+308,2387.381034374237
64,1,4,16,4,1,1,32,1.7976931348623157e+308,2390.3318042755127
128,1,8,32,128,1,1,8,1.7976931348623157e+308,2393.380705356598
4,1,64,4,256,1,1,64,inf,2396.0050263404846
8,1,4,8,128,1,1,64,inf,2398.1758348941803
64,1,32,1,16,1,1,4,1.7976931348623157e+308,2403.3817570209503
1,1,1,128,4,1,1,64,inf,2406.3127195835114
128,1,16,4,2,1,1,16,1.7976931348623157e+308,2409.381288051605
16,1,32,16,8,1,1,64,1.7976931348623157e+308,2412.182730436325
4,1,1,16,128,1,1,32,inf,2414.186554670334
64,1,4,8,256,1,1,1,1.7976931348623157e+308,2417.381083726883
128,1,64,64,32,1,1,32,1.7976931348623157e+308,2420.189146757126
128,1,64,64,32,1,1,64,inf,2422.1823740005493
16,1,2,2,64,1,1,64,inf,2424.0005600452423
1,1,32,128,1,1,1,2,inf,2426.1800351142883
32,1,4,32,2,1,1,8,1.7976931348623157e+308,2429.3810613155365
32,1,8,1,32,1,1,16,1.7976931348623157e+308,2432.0164806842804
16,1,16,1,64,1,1,32,inf,2434.1763639450073
1,1,8,1,4,1,1,2,1.7976931348623157e+308,2437.3810188770294
16,1,1,16,32,1,1,64,inf,2440.0120050907135
64,1,4,8,4,1,1,32,1.7976931348623157e+308,2443.381014585495
128,1,16,128,1,1,1,4,inf,2445.997002840042
32,1,16,128,128,1,1,8,1.7976931348623157e+308,2449.380905151367
8,1,4,128,32,1,1,32,1.7976931348623157e+308,2452.2546541690826
16,1,32,32,16,1,1,16,1.7976931348623157e+308,2455.3809275627136
8,1,32,8,32,1,1,64,inf,2458.002230644226
64,1,2,2,2,1,1,16,1.7976931348623157e+308,2461.38108086586
4,1,64,128,16,1,1,2,1.7976931348623157e+308,2463.9084932804108
256,1,8,16,8,1,1,64,1.7976931348623157e+308,2466.6253497600555
32,1,8,128,4,1,1,16,1.7976931348623157e+308,2469.38046503067
2,1,8,1,4,1,1,8,1.7976931348623157e+308,2471.917828321457
16,1,1,2,128,1,1,64,inf,2474.0867159366608
64,1,1,64,2,1,1,64,1.7976931348623157e+308,2477.3809266090393
64,1,32,4,8,1,1,4,1.7976931348623157e+308,2479.913552761078
64,1,1,2,128,1,1,32,inf,2482.0955951213837
128,1,32,16,2,1,1,2,inf,2484.1012256145477
128,1,4,64,32,1,1,64,inf,2485.91975069046
4,1,4,32,1,1,1,4,inf,2488.100953102112
1,1,1,8,4,1,1,1,inf,2490.093940973282
1,1,1,64,16,1,1,4,inf,2491.926382303238
256,1,8,4,1,1,1,2,inf,2494.1047065258026
32,1,8,2,1,1,1,1,inf,2495.915897130966
8,1,32,8,16,1,1,2,1.7976931348623157e+308,2499.3810000419617
256,1,4,8,128,1,1,8,1.7976931348623157e+308,2502.1020193099976
16,1,2,16,256,1,1,2,1.7976931348623157e+308,2505.381070137024
128,1,16,128,4,1,1,16,1.7976931348623157e+308,2508.0965275764465
8,1,16,4,32,1,1,32,1.7976931348623157e+308,2511.3810527324677
32,1,16,8,8,1,1,8,1.7976931348623157e+308,2514.1144890785217
128,1,4,2,4,1,1,16,1.7976931348623157e+308,2517.3811073303223
16,1,32,8,8,1,1,4,1.7976931348623157e+308,2519.917118549347
128,1,8,128,8,1,1,64,1.7976931348623157e+308,2522.6351776123047
2,1,2,16,16,1,1,1,1.7976931348623157e+308,2525.3804676532745
256,1,8,2,1,1,1,2,inf,2527.9210357666016
2,1,16,8,1,1,1,8,1.7976931348623157e+308,2531.381044626236
32,1,4,32,1,1,1,1,inf,2533.913464784622
32,1,4,128,64,1,1,1,1.7976931348623157e+308,2537.381077528
8,1,32,2,2,1,1,32,1.7976931348623157e+308,2540.092090845108
16,1,1,16,128,1,1,2,1.7976931348623157e+308,2543.381382226944
256,1,16,64,64,1,1,32,inf,2546.106719970703
2,1,32,4,4,1,1,1,inf,2547.9206249713898
2,1,4,4,256,1,1,8,inf,2550.0999314785004
4,1,4,128,128,1,1,32,inf,2552.1042511463165
128,1,4,32,64,1,1,32,inf,2553.9186425209045
4,1,64,1,64,1,1,4,1.7976931348623157e+308,2557.3811020851135
16,1,1,4,1,1,1,16,1.7976931348623157e+308,2559.926985025406
64,1,16,32,128,1,1,8,1.7976931348623157e+308,2562.593163251877
1,1,32,16,8,1,1,4,1.7976931348623157e+308,2565.380583047867
8,1,4,128,128,1,1,16,inf,2567.91609787941
8,1,1,4,32,1,1,64,inf,2570.101808309555
1,1,64,1,64,1,1,2,1.7976931348623157e+308,2573.381043434143
2,1,4,2,1,1,1,4,inf,2575.9309821128845
2,1,2,16,4,1,1,32,1.7976931348623157e+308,2579.381212234497
4,1,16,16,1,1,1,8,1.7976931348623157e+308,2582.110097885132
2,1,64,64,32,1,1,16,1.7976931348623157e+308,2585.38126206398
16,1,32,1,64,1,1,8,1.7976931348623157e+308,2588.1043334007263
256,1,64,1,2,1,1,8,1.7976931348623157e+308,2591.381326675415
256,1,1,8,8,1,1,64,1.7976931348623157e+308,2594.1106860637665
256,1,2,16,64,1,1,16,1.7976931348623157e+308,2597.3810651302338
32,1,8,64,128,1,1,16,inf,2599.926099538803
32,1,8,64,2,1,1,8,1.7976931348623157e+308,2603.381067752838
32,1,1,32,4,1,1,2,1.7976931348623157e+308,2606.1280405521393
32,1,64,8,2,1,1,64,1.7976931348623157e+308,2609.3810143470764
8,1,64,128,16,1,1,2,1.7976931348623157e+308,2612.1394741535187
1,1,4,4,64,1,1,64,inf,2613.931154489517
32,1,64,1,2,1,1,32,1.7976931348623157e+308,2616.646506547928
4,1,32,1,4,1,1,32,1.7976931348623157e+308,2619.3803684711456
16,1,32,128,32,1,1,8,1.7976931348623157e+308,2621.931860923767
8,1,8,8,16,1,1,64,1.7976931348623157e+308,2625.381833076477
16,1,64,2,4,1,1,2,1.7976931348623157e+308,2627.936505317688
8,1,1,4,256,1,1,2,1.7976931348623157e+308,2630.6573317050934
8,1,64,64,64,1,1,8,1.7976931348623157e+308,2633.380392551422
8,1,2,2,128,1,1,1,1.7976931348623157e+308,2635.936008453369
16,1,64,2,8,1,1,16,1.7976931348623157e+308,2639.3810975551605
128,1,16,64,256,1,1,2,1.7976931348623157e+308,2642.123110771179
256,1,32,4,2,1,1,64,1.7976931348623157e+308,2645.381213903427
16,1,64,128,1,1,1,32,1.7976931348623157e+308,2648.132309436798
2,1,4,16,128,1,1,8,1.7976931348623157e+308,2651.381271839142
2,1,32,32,128,1,1,64,inf,2654.1303548812866
8,1,32,4,256,1,1,1,1.7976931348623157e+308,2657.381133079529
128,1,1,32,16,1,1,1,1.7976931348623157e+308,2660.126153230667
1,1,4,4,2,1,1,8,1.7976931348623157e+308,2663.3808047771454
256,1,32,8,64,1,1,32,inf,2665.9170157909393
16,1,64,4,8,1,1,16,1.7976931348623157e+308,2669.380925655365
2,1,1,8,256,1,1,32,inf,2671.916333436966
64,1,8,32,32,1,1,64,inf,2674.1026668548584
4,1,64,128,32,1,1,4,1.7976931348623157e+308,2677.38099861145
64,1,16,8,256,1,1,64,inf,2680.1119151115417
128,1,32,2,32,1,1,32,1.7976931348623157e+308,2683.381233215332
4,1,8,64,8,1,1,2,1.7976931348623157e+308,2686.1998586654663
4,1,64,32,8,1,1,1,1.7976931348623157e+308,2689.381045103073
1,1,32,8,16,1,1,2,1.7976931348623157e+308,2692.121082305908
4,1,32,128,256,1,1,4,1.7976931348623157e+308,2695.3813078403473
1,1,8,8,256,1,1,1,1.7976931348623157e+308,2698.1242282390594
32,1,2,128,2,1,1,2,inf,2700.106815099716
128,1,64,16,1,1,1,16,1.7976931348623157e+308,2703.3813111782074
4,1,64,32,256,1,1,8,inf,2706.1168932914734
256,1,2,64,8,1,1,32,1.7976931348623157e+308,2709.381330728531
256,1,2,128,256,1,1,4,1.7976931348623157e+308,2712.104853630066
2,1,64,32,32,1,1,32,1.7976931348623157e+308,2715.381003379822
256,1,64,16,8,1,1,1,1.7976931348623157e+308,2717.918020963669
32,1,64,64,16,1,1,64,1.7976931348623157e+308,2720.5621025562286
64,1,64,4,256,1,1,64,inf,2722.558975458145
2,1,1,1,4,1,1,64,inf,2723.9141993522644
32,1,1,16,64,1,1,8,1.7976931348623157e+308,2726.598717689514
256,1,4,4,8,1,1,4,1.7976931348623157e+308,2729.380771636963
32,1,16,16,128,1,1,2,1.7976931348623157e+308,2732.1162214279175
128,1,2,4,32,1,1,4,1.7976931348623157e+308,2734.642993927002
8,1,1,32,32,1,1,64,inf,2736.4558725357056
8,1,1,4,2,1,1,32,1.7976931348623157e+308,2741.3815937042236
16,1,1,2,256,1,1,1,1.7976931348623157e+308,2743.9269621372223
256,1,2,2,64,1,1,1,1.7976931348623157e+308,2746.6109716892242
2,1,2,64,32,1,1,16,1.7976931348623157e+308,2749.380560398102
16,1,4,16,32,1,1,32,1.7976931348623157e+308,2752.2408056259155
16,1,32,16,256,1,1,64,inf,2754.2461321353912
32,1,8,32,8,1,1,8,1.7976931348623157e+308,2757.3812532424927
256,1,2,64,2,1,1,4,1.7976931348623157e+308,2760.129112958908
64,1,8,128,64,1,1,16,1.7976931348623157e+308,2763.3812749385834
32,1,1,4,1,1,1,8,1.7976931348623157e+308,2767.381049633026
2,1,4,2,8,1,1,32,1.7976931348623157e+308,2770.1240513324738
16,1,64,128,128,1,1,4,1.7976931348623157e+308,2773.3810636997223
128,1,4,1,4,1,1,1,inf,2776.1251151561737
4,1,4,2,256,1,1,8,inf,2777.930778026581
2,1,32,128,32,1,1,4,1.7976931348623157e+308,2780.654556274414
64,1,8,16,4,1,1,1,inf,2782.460289001465
256,1,32,16,8,1,1,16,1.7976931348623157e+308,2785.3811478614807
8,1,1,32,2,1,1,1,inf,2788.1284589767456
4,1,8,1,64,1,1,1,1.7976931348623157e+308,2791.3812358379364
4,1,1,1,8,1,1,1,1.7976931348623157e+308,2794.132555246353
4,1,16,16,8,1,1,16,1.7976931348623157e+308,2797.38103890419
2,1,32,32,64,1,1,64,inf,2799.9209065437317
128,1,8,1,2,1,1,8,1.7976931348623157e+308,2805.381917953491
8,1,32,8,16,1,1,8,1.7976931348623157e+308,2809.38116645813
8,1,32,128,4,1,1,16,1.7976931348623157e+308,2812.690243244171
4,1,4,16,64,1,1,16,1.7976931348623157e+308,2817.4634103775024
128,1,32,8,8,1,1,1,1.7976931348623157e+308,2820.2867381572723
32,1,32,16,2,1,1,32,1.7976931348623157e+308,2823.381041765213
