BX,BY,TK,TX,TY,objective,elapsed_sec
1,1,1,1,1,inf,10.597678899765015
56,28,512,8,7,244.22,16.596619367599487
32,32,1024,4,16,1.7976931348623157e+308,20.72099280357361
4,2,16,32,32,1760.0,28.59673237800598
112,16,1,224,1,2110.0,34.59578514099121
4,1,8,8,4,inf,37.423335552215576
14,14,1024,2,8,960.51,62.595749378204346
28,56,4,28,56,inf,65.4283549785614
1,1,16,2,1,inf,67.42280840873718
28,1,32,4,28,319.33,74.59663724899292
56,1,128,7,14,487.1,80.59682035446167
16,1,128,8,28,367.01,87.00798416137695
7,1,512,8,14,inf,89.87133002281189
224,1,4,112,1,2390.0,96.5969307422638
1,1,512,224,14,inf,99.50810146331787
1,56,32,8,112,829.31,106.5967915058136
1,224,8,8,7,2520.0,112.76174592971802
28,1,1024,224,224,inf,115.67157459259033
1,1,64,7,32,inf,117.55063056945801
14,28,1024,8,14,151.74,124.59666156768799
4,224,1024,8,14,1.7976931348623157e+308,128.59579825401306
7,32,1024,8,14,1.7976931348623157e+308,132.59569549560547
224,32,1024,8,32,1.7976931348623157e+308,137.04878568649292
56,7,1024,8,28,110.85,144.59667873382568
56,32,1024,16,28,169.66,150.5958981513977
56,224,1024,8,28,639.2,156.7195851802826
56,1,64,7,28,300.7,164.5965440273285
56,56,512,224,28,inf,167.572518825531
56,28,1024,8,28,159.42,174.5967240333557
56,8,1024,56,28,inf,177.6192581653595
56,28,32,8,28,196.86,184.5966670513153
56,28,512,8,28,136.7,190.5967025756836
56,28,64,28,28,630.4,196.67895007133484
56,28,2,1,28,391.62,202.84387707710266
56,28,1024,8,1,inf,205.83854246139526
7,28,1024,8,28,1.7976931348623157e+308,210.5975260734558
56,32,8,8,28,235.74,216.6786527633667
56,224,4,8,28,2310.0,222.8850221633911
56,28,128,8,28,103.68,228.92634916305542
56,28,128,7,28,141.18,235.00832271575928
56,28,512,32,28,311.81,242.59696316719055
56,28,8,112,28,inf,245.5959792137146
56,28,256,8,28,116.74,252.59655618667603
56,28,8,8,28,226.18,258.6387748718262
56,32,1,8,28,1630.0,264.72165155410767
56,28,512,8,14,171.1,270.9663677215576
56,28,512,8,2,320.7,278.5967402458191
56,28,128,8,8,94.82,286.5963613986969
56,28,128,8,224,inf,289.6486084461212
56,28,512,7,2,inf,291.60240960121155
56,28,128,8,112,234.21,298.5966489315033
56,28,128,8,14,109.95,304.84360218048096
56,28,128,8,2,145.09,312.59662890434265
56,28,1,8,28,1370.0,318.8428416252136
56,28,16,8,28,151.62,325.0486285686493
56,28,4,8,28,411.46,331.0954284667969
56,28,128,7,224,inf,334.13939356803894
56,28,128,8,7,103.74,341.2119448184967
56,28,512,8,16,97.18,348.7577540874481
56,28,2,8,7,523.46,355.0868399143219
56,28,128,8,16,93.28,362.75768542289734
56,28,512,8,8,109.02,370.75764203071594
56,28,128,8,1,inf,373.7712559700012
56,28,8,8,16,179.87,380.7574055194855
56,28,1,8,14,1000.0,386.96348762512207
56,28,32,8,7,111.81,393.12804317474365
56,28,32,8,112,338.02,399.25248074531555
56,28,4,8,7,249.38,406.8357846736908
56,28,2,8,28,734.27,412.9181718826294
56,28,8,8,112,845.22,419.0014455318451
56,28,512,8,1,inf,422.01723742485046
56,32,128,8,28,107.2,429.00149154663086
56,8,128,8,28,92.32,435.083838224411
56,28,128,8,56,156.45,441.2072784900665
56,56,128,8,28,196.29,447.37093234062195
56,56,128,8,16,113.54,454.9643440246582
56,32,128,8,16,1.7976931348623157e+308,459.45791816711426
56,2,128,8,28,136.77,467.02010798454285
56,1,128,8,8,721.22,475.0198030471802
56,14,128,8,16,84.67,483.0198884010315
56,112,128,8,16,192.99,489.1434226036072
56,7,128,8,8,102.08,495.3083076477051
56,8,128,8,32,89.5,501.47278904914856
56,224,128,8,28,467.9,507.57452416419983
56,112,128,8,7,203.71,515.1384093761444
56,14,128,8,56,110.88,521.3026735782623
56,8,128,8,56,93.89,527.3857619762421
56,1,128,8,16,368.86,535.1377990245819
56,2,128,8,2,860.83,543.1383137702942
56,28,512,8,4,171.87,549.4259994029999
56,2,128,8,16,211.2,557.1385765075684
56,7,512,8,7,357.28,563.3025636672974
56,14,512,8,56,103.2,569.4680449962616
56,16,128,8,16,119.94,577.1384391784668
56,16,512,8,56,122.3,583.549542427063
56,28,512,8,32,102.62,591.1384987831116
56,8,512,8,32,115.2,597.5502851009369
56,112,512,8,32,221.76,605.1622076034546
56,14,512,8,224,inf,608.2029874324799
56,14,512,8,2,477.28,615.1623921394348
56,28,512,8,56,135.14,621.1628477573395
56,14,512,8,4,236.8,627.5336666107178
56,7,128,8,16,78.37,635.1617901325226
56,7,2,8,16,363.71,641.1629867553711
56,7,512,8,32,75.62,647.2865567207336
56,56,512,8,32,124.0,653.4512236118317
56,112,128,8,56,435.36,659.6977784633636
56,8,128,8,16,118.5,667.2553188800812
56,8,32,8,16,110.72,675.2550346851349
56,8,128,8,4,169.82,681.3774824142456
56,8,8,8,16,155.46,687.5022945404053
56,28,512,8,112,178.5,693.6255373954773
56,2,4,8,16,439.78,699.6670680046082
56,8,128,8,112,162.88,705.8570947647095
56,8,256,8,28,108.06,711.9499824047089
56,8,16,8,16,131.1,719.518844127655
56,8,32,8,28,106.4,725.6428639888763
56,8,4,8,28,230.94,731.807680606842
56,8,16,8,2,409.63,737.8482758998871
56,8,16,8,28,118.11,743.9717218875885
56,8,4,8,4,250.88,750.112902879715
56,14,16,8,56,157.54,756.1730215549469
56,14,512,8,7,372.74,763.7347598075867
56,8,8,8,32,165.79,769.8584342002869
56,224,512,8,56,695.74,776.023678779602
56,8,8,8,28,163.26,782.1475253105164
56,7,1024,8,16,100.19,789.7355470657349
56,28,128,8,32,116.13,797.7353920936584
56,14,1024,8,56,131.81,804.1888318061829
56,14,512,8,16,82.14,811.7626223564148
56,7,1024,8,4,309.66,819.7617993354797
56,14,32,8,32,98.3,825.967687368393
56,14,64,8,16,97.15,833.7624802589417
56,14,8,8,16,154.98,839.7625977993011
56,14,64,8,32,93.44,846.1330533027649
56,8,1024,8,14,231.58,853.7618312835693
56,4,1024,8,32,1.7976931348623157e+308,857.8439075946808
56,4,16,8,32,174.5,865.7626099586487
56,4,2,8,32,766.02,873.7624249458313
56,7,1024,8,32,85.41,881.7625043392181
56,14,512,8,32,82.27,889.7626161575317
56,14,4,8,56,440.64,895.9263942241669
56,14,16,8,14,154.78,902.092381477356
56,112,8,8,16,443.1,908.256341457367
56,7,1024,8,8,174.14,915.8350729942322
56,14,64,8,28,94.91,922.0822143554688
56,7,1024,8,56,99.17,928.3284714221954
56,2,1024,8,16,1.7976931348623157e+308,933.9477505683899
56,8,512,8,4,375.81,941.947675704956
56,4,512,8,32,179.65,949.9467449188232
56,14,1024,8,32,95.78,956.3593096733093
56,56,32,8,32,169.95,962.4463934898376
56,14,4,8,32,265.5,968.5568809509277
56,56,1024,8,28,231.1,976.1364862918854
56,8,1024,8,4,650.46,984.135737657547
56,14,8,8,112,509.28,992.1365866661072
56,14,1024,8,16,105.02,1000.1358113288879
56,8,512,8,16,165.25,1008.1365933418274
56,16,1024,8,32,300.13,1016.1365435123444
56,4,128,8,28,118.88,1024.1364619731903
56,14,4,8,16,208.99,1032.135730266571
56,4,32,8,28,142.21,1038.589717388153
56,4,32,8,56,125.66,1046.215170621872
56,4,16,8,16,182.43,1054.215756893158
56,14,1024,8,2,558.98,1062.2982575893402
56,8,1024,8,32,148.77,1068.6276361942291
56,8,1024,8,7,408.51,1076.2195019721985
56,4,512,8,56,155.81,1084.2187435626984
56,4,128,8,32,113.28,1092.2195518016815
56,4,16,8,56,174.02,1100.219435930252
56,2,512,8,32,1.7976931348623157e+308,1104.383240222931
56,28,128,8,4,92.7,1110.5483195781708
56,4,512,8,28,202.56,1116.6726748943329
56,1,1024,8,32,1.7976931348623157e+308,1120.8435943126678
56,1,64,8,32,216.35,1128.4342861175537
56,4,128,8,112,158.14,1136.4341521263123
56,1,16,8,32,371.01,1144.4348256587982
56,16,1024,8,56,228.96,1150.9277403354645
56,7,128,8,2,162.88,1158.5205912590027
56,4,128,8,8,252.35,1166.520766735077
56,14,128,8,14,90.24,1174.520747423172
56,14,128,8,8,103.97,1182.520747423172
56,14,1024,8,8,162.59,1190.5198111534119
56,56,1024,8,16,129.54,1198.519826889038
56,112,1024,8,32,297.41,1206.5208172798157
56,4,1024,8,28,1.7976931348623157e+308,1210.6850004196167
56,4,32,8,4,394.18,1216.809050321579
56,8,4,8,16,268.1,1222.9734208583832
56,4,128,8,16,141.6,1230.6086337566376
56,7,1024,8,7,248.19,1237.1018249988556
56,14,512,8,28,112.54,1243.2419102191925
56,14,1024,8,14,226.85,1250.8358767032623
56,16,512,8,32,142.05,1258.8374137878418
56,14,512,8,8,130.75,1266.8367846012115
56,4,64,8,56,125.06,1274.837450504303
56,14,1024,8,28,151.97,1282.8373284339905
56,4,64,8,32,122.24,1290.8368129730225
56,4,8,8,32,267.49,1298.8373081684113
56,4,64,8,16,149.76,1306.8372898101807
56,4,8,8,28,241.34,1314.8372159004211
56,14,64,8,14,92.74,1322.8373520374298
56,4,2,8,28,691.78,1330.8373172283173
56,4,64,8,28,126.3,1338.8373050689697
56,1,128,8,28,233.57,1346.8373446464539
56,7,128,8,224,inf,1349.8936536312103
56,7,128,8,32,80.61,1356.8373019695282
56,7,512,8,56,84.22,1362.9603986740112
56,7,64,8,28,108.96,1369.125093460083
56,7,64,8,32,89.06,1375.248485326767
56,7,16,8,14,148.35,1382.8527920246124
56,7,64,8,56,93.98,1389.0177886486053
56,7,1,8,16,716.7,1395.1822073459625
56,7,64,8,112,98.69,1401.3468623161316
56,28,32,8,32,115.74,1407.4872496128082
56,28,64,8,32,110.66,1413.6815781593323
56,7,128,8,14,104.86,1419.83162856102
56,7,16,8,28,122.11,1427.4406099319458
56,7,128,8,56,82.14,1435.4406309127808
56,4,4,8,32,389.41,1441.7286965847015
56,8,1024,8,16,207.84,1449.4398465156555
56,1,64,8,14,455.78,1455.8527007102966
56,8,1024,8,56,127.68,1462.0415625572205
56,4,256,8,28,150.5,1469.6677963733673
56,112,1024,8,16,329.95,1475.9560856819153
56,7,128,8,7,154.72,1482.1617846488953
56,7,256,8,32,75.94,1489.8264055252075
56,28,256,8,32,98.34,1497.825823545456
56,14,512,8,14,150.21,1505.8255298137665
56,7,128,8,112,89.09,1513.826430797577
56,28,16,8,32,160.83,1521.8264346122742
56,28,1024,8,32,105.82,1529.8264384269714
56,16,1024,8,28,336.0,1537.8263156414032
56,4,4,8,28,351.17,1545.8264119625092
56,4,32,8,32,122.02,1553.8263058662415
56,56,1024,8,112,243.65,1561.826355457306
56,28,256,8,56,137.28,1569.8263399600983
56,16,1024,8,8,931.81,1577.8263461589813
56,28,64,8,8,96.42,1585.826366186142
56,8,1024,8,28,160.13,1593.8264651298523
56,28,64,8,56,217.79,1601.8249270915985
56,56,128,8,7,207.36,1609.8263947963715
56,32,32,8,28,152.1,1617.825734615326
56,56,1024,8,8,133.18,1625.8264014720917
56,7,128,8,28,97.34,1633.8265545368195
56,28,64,8,14,122.82,1641.8264997005463
56,7,1024,8,112,96.35,1648.3620028495789
56,28,16,8,8,140.74,1654.4832110404968
56,28,256,8,8,89.57,1660.708424091339
56,4,1024,8,16,1.7976931348623157e+308,1664.8678381443024
56,7,64,8,14,100.35,1672.4922065734863
56,7,1024,8,2,600.35,1682.4923632144928
56,32,512,8,112,195.94,1690.4924132823944
56,32,128,8,32,116.13,1698.4908747673035
56,32,64,8,16,123.2,1706.491798877716
56,32,64,8,14,132.19,1712.7807035446167
56,32,512,8,28,144.19,1720.4999406337738
56,56,1024,8,32,128.99,1728.4998326301575
56,32,256,8,28,129.22,1736.4997489452362
56,56,1024,8,7,530.43,1744.4997923374176
56,32,256,8,14,121.02,1752.4998967647552
56,32,256,8,32,1.7976931348623157e+308,1758.5003938674927
56,56,256,8,56,261.82,1766.4996993541718
56,7,128,8,4,84.61,1774.4998488426208
56,28,256,8,14,112.06,1782.499834060669
56,4,256,8,32,133.92,1790.4998140335083
56,32,32,8,8,127.17,1798.499810218811
56,4,256,8,16,209.44,1806.49973320961
56,32,64,8,2,1.7976931348623157e+308,1812.500240802765
56,28,256,8,16,99.36,1818.6641438007355
56,7,64,8,2,163.42,1825.0351648330688
56,8,128,8,2,311.58,1832.7086284160614
56,32,16,8,112,561.09,1840.708786725998
56,8,64,8,2,327.62,1848.7086927890778
56,28,32,8,16,115.39,1856.708627462387
56,112,1024,8,56,291.74,1864.7085988521576
56,32,32,8,112,354.05,1872.7087090015411
56,4,64,8,14,165.95,1880.7086119651794
56,4,64,8,2,703.36,1888.708820104599
56,28,32,8,56,163.42,1896.7087774276733
56,4,16,8,28,162.05,1904.7077586650848
56,32,4,8,28,455.97,1912.7087287902832
56,32,64,8,32,129.54,1920.7086975574493
56,14,1024,8,112,125.09,1928.7085149288177
56,32,4,8,8,316.77,1936.708706855774
56,7,512,8,14,219.01,1944.7074675559998
56,8,512,8,8,236.96,1952.7078289985657
56,32,16,8,28,157.31,1960.708663225174
56,32,64,8,56,212.48,1968.7078175544739
56,32,8,8,4,236.96,1976.7088651657104
56,32,64,8,7,123.2,1984.7087399959564
56,7,256,8,8,145.76,1992.7085797786713
56,32,8,8,8,182.94,2000.7086913585663
56,28,256,8,4,94.05,2008.7086362838745
56,28,64,8,16,105.38,2014.9557852745056
56,32,16,8,7,177.63,2021.161729335785
56,28,64,8,4,95.42,2028.806648492813
56,8,256,8,32,94.14,2036.8066546916962
56,32,128,8,7,120.64,2044.8052504062653
56,14,256,8,32,83.36,2052.806673526764
56,32,8,8,56,469.47,2060.8067574501038
56,16,256,8,32,116.45,2068.806604385376
56,32,512,8,56,163.58,2076.8060784339905
56,32,512,8,32,1.7976931348623157e+308,2082.8074073791504
56,32,64,8,8,1.7976931348623157e+308,2088.807051181793
56,32,512,8,7,287.1,2096.8065955638885
56,32,256,8,8,1.7976931348623157e+308,2102.8058800697327
56,32,4,8,7,322.66,2110.806637763977
56,32,256,8,7,172.9,2118.8066699504852
56,32,1024,8,7,508.03,2126.8067309856415
56,16,1024,8,16,482.62,2134.8065202236176
56,32,32,8,4,1.7976931348623157e+308,2140.8072102069855
56,32,64,8,4,1.7976931348623157e+308,2146.806739091873
56,32,64,8,112,281.76,2154.806734085083
56,1,256,8,14,1.7976931348623157e+308,2159.135513305664
56,28,1024,8,8,103.52,2166.829427719116
56,4,256,8,14,234.85,2174.8294336795807
56,28,1024,8,14,204.0,2182.829402923584
56,32,2,8,28,855.52,2190.829293012619
56,14,512,8,112,108.8,2198.828337430954
56,28,1024,8,56,133.34,2206.8292965888977
56,14,256,8,4,176.61,2214.8293602466583
56,16,512,8,16,201.86,2222.829374074936
56,8,256,8,1,inf,2225.9838993549347
56,8,64,8,14,117.6,2232.829456090927
56,8,64,8,8,200.7,2240.829509973526
56,8,64,8,56,114.14,2247.0764133930206
56,8,256,8,16,186.56,2253.3639426231384
56,28,1024,8,4,159.87,2261.01153421402
56,28,1024,8,16,113.25,2269.011376619339
56,28,1024,8,112,140.03,2277.011425971985
56,14,256,8,28,87.9,2285.0115191936493
56,56,256,8,28,202.82,2293.0113558769226
56,112,1024,8,28,296.9,2301.0107831954956
56,32,4,8,112,1860.0,2307.546885728836
56,32,1024,28,7,319.94,2313.7559576034546
56,8,16,8,8,177.54,2319.909952402115
56,32,1024,56,7,377.34,2326.075007200241
56,14,256,8,14,115.42,2332.334951877594
56,8,256,8,14,146.53,2338.5010499954224
56,4,512,8,16,270.78,2346.166275501251
56,32,64,8,28,120.48,2352.538335084915
56,8,256,8,7,227.23,2360.2509109973907
56,14,128,8,4,83.9,2368.2509179115295
56,32,32,4,7,186.3,2376.2508585453033
56,28,1024,8,7,301.31,2384.250876426697
56,32,128,2,7,inf,2387.4350774288177
56,8,256,8,56,92.45,2394.2510282993317
56,32,32,224,28,inf,2397.3926734924316
56,7,256,8,4,141.28,2404.7961962223053
56,56,64,8,4,115.65,2412.4688177108765
56,4,256,8,56,121.89,2418.962752342224
56,2,128,8,8,409.02,2426.642772912979
56,28,1024,8,2,292.22,2434.6425819396973
56,4,32,8,16,158.5,2442.6414065361023
56,8,256,8,8,330.4,2450.6424922943115
56,32,1024,112,28,inf,2453.7899901866913
56,56,128,8,4,117.86,2460.642701148987
56,8,256,8,4,259.23,2466.88969373703
56,32,2,8,7,583.07,2472.972005844116
56,112,1024,8,14,343.07,2479.1390767097473
56,56,512,8,14,281.02,2485.4249148368835
56,8,256,8,112,102.56,2493.1151943206787
56,2,128,8,112,168.67,2501.1150240898132
56,4,16,8,112,265.86,2509.1149067878723
56,224,32,8,32,590.05,2515.321659564972
56,2,1024,8,56,1.7976931348623157e+308,2519.5670578479767
56,32,8,8,2,438.85,2527.297872543335
56,32,1024,8,28,226.18,2535.298694372177
56,32,8,8,16,220.19,2543.298572778702
56,2,128,8,56,146.66,2551.297894001007
56,2,128,8,32,141.73,2559.2978150844574
56,8,128,8,8,164.99,2567.2987830638885
56,14,128,8,28,86.78,2575.2988793849945
56,8,1024,8,8,368.51,2583.2987082004547
56,8,1,8,56,1240.0,2591.2987337112427
56,32,4,8,56,902.85,2599.2987389564514
56,56,128,8,14,184.19,2607.298759698868
56,2,128,8,7,469.31,2615.298594713211
56,56,1024,8,14,338.98,2623.298756122589
56,2,128,8,14,252.7,2631.298616886139
56,16,256,8,7,252.99,2639.297814130783
56,32,2,8,56,1630.0,2647.2987303733826
56,4,1024,8,14,1.7976931348623157e+308,2651.6271588802338
56,32,32,8,7,129.28,2657.8525364398956
56,32,8,8,32,289.79,2665.5417351722717
56,56,1024,8,56,189.63,2673.5418124198914
56,14,128,8,112,133.92,2681.541862010956
56,28,16,8,56,265.73,2689.5419750213623
56,56,128,8,112,676.48,2697.5418543815613
56,7,4,8,28,272.64,2705.541965484619
56,4,128,8,7,291.14,2713.5413784980774
56,8,128,8,14,109.41,2721.5409564971924
56,8,16,8,14,167.33,2729.541972398758
56,4,32,8,8,234.43,2737.5419433116913
56,224,1024,8,56,559.1,2743.83052277565
56,32,1024,7,7,271.1,2750.035754442215
56,1,128,8,2,1430.0,2757.7400233745575
56,2,128,8,4,455.62,2764.0697560310364
56,4,512,8,7,630.94,2771.766991376877
56,4,512,8,8,557.12,2779.7671117782593
56,4,8,8,14,237.86,2787.7656466960907
56,28,8,8,32,230.43,2795.7671518325806
56,7,64,8,4,92.45,2803.765806913376
56,8,32,8,56,107.65,2811.767139196396
56,4,16,8,14,228.83,2819.7670691013336
56,32,1024,4,7,799.36,2827.767043352127
56,4,64,8,8,265.22,2834.1377708911896
56,16,256,8,56,123.42,2842.032624721527
56,16,256,8,2,680.48,2849.8688218593597
56,28,1024,7,28,169.41,2857.8686640262604
56,8,16,8,56,145.92,2865.8677682876587
56,32,32,8,14,140.45,2873.868579149246
56,32,32,8,56,186.43,2881.868641138077
56,28,4,7,28,417.41,2889.8682935237885
56,16,1024,7,28,323.65,2897.8683059215546
56,56,256,7,28,215.94,2905.867331981659
56,112,256,7,28,286.24,2913.8685972690582
56,14,1024,7,28,163.23,2921.868632555008
56,7,1024,7,14,192.99,2929.868819475174
56,56,1024,7,16,317.63,2937.8685281276703
56,8,128,7,28,97.18,2945.868645429611
56,56,512,7,28,212.99,2953.8685376644135
56,7,1024,7,16,165.09,2961.868647813797
56,14,64,7,32,95.9,2969.868705034256
56,14,1024,7,32,160.22,2977.8687238693237
56,14,1024,7,56,139.68,2985.8687629699707
56,14,512,7,32,118.75,2993.868770837784
56,14,128,7,8,109.44,3001.868798494339
56,7,128,7,14,101.57,3009.868785381317
56,14,32,7,4,126.18,3017.8684170246124
56,7,128,7,112,157.89,3025.868826150894
56,7,512,7,8,157.82,3033.8679418563843
56,7,512,7,4,190.3,3041.868658065796
56,8,512,7,14,152.93,3049.868832349777
56,14,1024,1,4,inf,3053.0529460906982
56,16,512,7,8,347.9,3059.8690230846405
56,14,512,7,112,116.8,3066.1161408424377
56,7,1024,8,14,152.26,3073.868299484253
56,7,1024,7,32,124.93,3080.1161818504333
56,7,1024,7,8,281.38,3087.86882519722
56,14,512,7,28,124.29,3095.868751525879
56,112,1024,7,32,317.06,3103.8686230182648
56,14,8,7,4,217.92,3111.86869096756
56,14,1024,7,14,238.43,3119.8686730861664
56,28,128,7,14,130.02,3127.868638277054
56,14,1024,7,4,518.98,3135.8686277866364
56,28,128,7,4,113.25,3143.8686068058014
56,28,512,7,14,181.86,3151.8686418533325
56,28,256,7,4,142.34,3159.868596315384
56,28,512,7,32,144.06,3166.321773290634
56,14,128,28,32,290.27,3174.113587617874
56,7,128,16,4,184.93,3182.1125552654266
56,28,256,7,14,121.18,3190.1134481430054
56,28,256,7,16,112.96,3198.1134736537933
56,28,512,7,16,172.83,3206.113543510437
56,7,256,28,32,239.04,3214.113161087036
56,14,64,56,16,365.66,3222.1134915351868
56,28,128,7,8,114.88,3230.1136734485626
56,7,128,16,14,161.25,3238.113659143448
56,14,128,16,14,152.58,3246.113518714905
56,28,128,16,4,156.86,3254.1134243011475
56,7,128,224,4,393.34,3262.113461971283
56,28,128,7,56,171.14,3270.1128101348877
56,28,128,7,112,433.06,3278.113630056381
56,28,256,4,32,81.66,3286.1135787963867
56,28,128,16,16,158.43,3294.113804101944
56,28,256,2,32,99.81,3302.1135811805725
56,28,256,112,4,468.77,3310.1135857105255
56,7,1024,56,32,inf,3313.4057812690735
56,28,256,14,32,188.48,3320.1135132312775
56,14,256,112,32,inf,3323.3507630825043
56,14,64,16,14,158.34,3330.278392791748
56,28,256,1,32,129.54,3338.1135578155518
56,14,512,16,32,140.1,3346.1135606765747
56,7,256,1,32,63.42,3354.1136627197266
56,28,128,7,16,111.33,3362.1136128902435
56,28,256,1,16,134.18,3370.113571166992
56,14,512,32,32,283.49,3378.1136014461517
56,28,256,1,14,inf,3381.3657178878784
56,7,256,16,32,140.8,3388.1138508319855
56,7,256,32,32,265.34,3394.4018959999084
56,28,256,16,14,159.78,3400.68429851532
56,28,128,7,32,122.75,3407.013036251068
56,7,1024,16,56,149.02,3413.261654615402
56,56,512,7,32,192.48,3421.118370771408
56,7,1024,2,56,222.66,3427.4478266239166
56,14,512,16,28,146.27,3433.766888856888
56,8,128,14,28,140.19,3440.077917098999
56,14,128,2,16,38.34,3447.8537130355835
56,14,256,16,32,146.88,3455.8532133102417
56,14,64,4,32,62.05,3462.387839794159
56,14,256,32,28,297.25,3468.6686935424805
56,28,256,224,32,inf,3471.9435935020447
56,28,64,4,32,69.79,3478.9755103588104
56,28,256,16,32,158.21,3486.854734182358
56,28,256,7,32,123.49,3494.854490995407
56,16,256,4,32,118.78,3502.8545327186584
56,28,256,32,14,304.64,3510.8546817302704
56,14,64,2,32,53.86,3518.854687690735
56,8,256,4,32,112.9,3526.8546776771545
56,8,64,4,32,78.34,3534.8544969558716
56,28,64,14,32,201.38,3542.8545775413513
56,8,256,7,32,96.61,3550.8546607494354
56,28,512,2,32,126.05,3558.8546648025513
56,56,64,14,32,357.79,3566.8545916080475
56,8,256,28,32,261.6,3574.8547325134277
56,28,128,4,32,65.44,3581.265593767166
56,14,256,4,32,63.07,3587.6238627433777
56,8,256,14,32,143.36,3595.5147552490234
56,14,16,4,32,77.41,3601.9675221443176
56,28,1024,7,32,166.94,3609.806116104126
56,28,128,4,4,60.13,3617.8062374591827
56,14,512,4,28,115.49,3624.34081697464
56,14,256,7,8,159.49,3632.165894985199
56,28,128,4,56,91.33,3640.166361808777
56,7,128,4,8,37.41,3648.166645050049
56,8,128,4,28,85.22,3656.166693210602
56,28,128,4,28,68.83,3662.7021424770355
56,56,256,4,28,164.26,3669.052877664566
56,8,256,4,28,123.14,3676.9236767292023
56,7,128,4,56,67.04,3684.9227821826935
56,14,256,4,28,90.34,3692.9235451221466
56,28,128,4,7,96.29,3700.922780752182
56,14,256,4,56,81.06,3708.9237859249115
56,56,512,4,8,116.54,3716.9235157966614
56,7,128,7,32,92.13,3724.9236702919006
56,28,256,4,14,116.58,3732.9236681461334
56,28,128,32,16,326.11,3740.9237534999847
56,28,1024,4,8,94.24,3749.210937976837
56,7,128,4,28,95.26,3757.040877342224
56,28,1024,4,56,142.85,3763.411322593689
56,28,512,4,28,149.44,3769.724109172821
56,4,16,4,14,192.35,3776.0376698970795
56,28,1024,2,8,125.95,3785.8536655902863
56,7,128,4,7,209.15,3793.8528113365173
56,56,128,4,28,155.84,3801.8537068367004
56,14,256,14,32,145.18,3809.853637456894
56,28,1024,16,8,138.85,3817.8527772426605
56,14,1024,4,16,114.43,3826.347731590271
56,28,128,4,16,65.95,3834.176789045334
56,28,128,14,14,171.04,3842.1772282123566
56,4,128,7,16,138.88,3848.588747739792
56,28,128,4,112,142.05,3854.9568417072296
56,14,1024,4,56,140.64,3862.78568649292
56,14,1024,4,8,123.2,3871.0327978134155
56,7,1024,4,16,97.47,3878.9400017261505
56,14,256,2,32,115.26,3885.351788520813
56,7,128,2,32,39.68,3893.1935279369354
56,7,128,16,28,148.03,3899.5642597675323
56,14,256,7,32,92.16,3906.0059220790863
56,14,32,16,32,173.41,3912.3033294677734
56,28,1024,4,32,93.92,3918.6257803440094
56,7,256,4,32,55.49,3926.4610188007355
56,4,128,4,14,129.82,3934.4592390060425
56,56,1024,4,32,128.38,3942.45938873291
56,14,1024,2,16,118.37,3950.7882692813873
56,14,1024,14,8,287.42,3957.0836250782013
56,14,1024,4,32,97.79,3965.001648426056
56,7,1024,4,32,71.74,3973.001059770584
56,112,1024,4,32,331.9,3979.495663166046
56,56,512,4,32,140.1,3987.3408255577087
56,4,16,4,16,152.83,3995.340693950653
56,8,256,4,14,155.14,4003.3408381938934
56,28,1024,4,28,168.51,4011.3408710956573
56,28,256,2,14,111.49,4019.3406801223755
56,14,1024,14,32,179.33,4027.339886903763
56,4,128,16,16,193.34,4035.3406615257263
56,7,256,2,32,66.14,4043.3408126831055
56,7,1024,4,28,249.15,4051.3408768177032
56,28,1024,16,32,142.85,4057.7935843467712
56,14,1024,4,28,162.98,4064.1779816150665
56,8,1024,4,56,166.91,4072.019308567047
56,14,256,16,56,157.86,4078.3897240161896
56,14,256,2,16,47.84,4086.292002916336
56,28,64,2,32,75.42,4094.2919170856476
56,28,16,2,32,130.3,4102.292113780975
56,7,1024,16,32,138.66,4110.291811466217
56,14,1024,16,32,145.95,4118.291250705719
56,14,512,2,28,227.42,4126.291961193085
56,8,256,2,28,130.08,4134.292008638382
56,28,1024,32,32,239.62,4142.2917811870575
56,56,512,4,28,237.18,4150.291790723801
56,28,128,2,7,inf,4153.610299348831
56,28,512,2,8,88.29,4160.785657405853
56,28,128,2,8,59.94,4168.6446623802185
56,8,32,2,56,105.34,4176.645638465881
56,28,128,2,56,95.84,4184.645924329758
56,28,256,2,16,80.61,4192.6459312438965
56,28,128,2,4,inf,4195.970128536224
56,8,128,2,16,132.67,4202.645889759064
56,7,128,2,14,162.24,4210.6514801979065
56,28,16,2,16,107.04,4217.0223553180695
56,14,512,4,4,100.64,4224.891645908356
56,8,128,4,4,249.47,4232.890743255615
56,28,256,2,8,65.44,4240.890826463699
56,28,32,2,56,100.38,4248.8917100429535
56,28,32,2,14,104.45,4256.891673088074
56,16,128,2,8,207.3,4264.891721487045
56,14,128,2,8,39.52,4272.891754150391
56,14,256,2,14,207.9,4280.891648769379
56,28,64,2,4,inf,4284.2277274131775
56,7,128,4,4,63.39,4291.014619112015
56,7,1024,2,32,97.06,4300.89169883728
56,14,128,2,14,130.02,4308.890828847885
56,7,128,2,112,91.07,4316.8915758132935
56,28,512,2,16,92.51,4324.891317129135
56,14,256,4,4,64.45,4332.8907787799835
56,14,64,4,4,42.78,4340.8908932209015
56,28,1024,2,14,285.92,4348.890868425369
56,28,16,2,14,135.04,4356.890817403793
56,14,16,4,4,56.45,4364.891848564148
56,28,16,2,8,69.02,4371.344527482986
56,14,128,4,4,44.45,4379.266846418381
56,8,64,2,8,223.94,4387.267503738403
56,8,64,2,56,109.57,4393.678553819656
56,28,64,2,14,93.89,4400.115931749344
56,112,64,4,4,230.98,4407.987059354782
56,7,64,2,56,111.01,4414.439881324768
56,28,64,2,8,60.51,4422.319047689438
56,7,64,2,32,39.04,4430.319484710693
56,28,256,2,56,135.68,4438.319630384445
56,16,64,2,8,213.89,4446.319722414017
56,28,64,2,56,100.9,4452.771358728409
56,56,512,2,32,155.2,4460.705185890198
56,14,64,2,4,inf,4464.095367193222
56,14,32,4,4,42.66,4470.704798698425
56,14,64,2,16,39.1,4477.240278959274
56,8,64,4,4,251.04,4485.16517162323
56,14,64,2,112,79.62,4491.659620046616
56,28,64,2,16,76.9,4499.544097661972
56,28,512,4,4,92.42,4507.544323205948
56,28,128,2,28,100.7,4515.544171333313
56,14,64,2,56,95.81,4523.544126749039
56,4,128,2,16,188.54,4531.544287919998
56,4,32,2,16,216.7,4539.544562578201
56,28,128,2,112,137.79,4547.54416847229
56,28,4,4,4,156.06,4555.544045209885
56,16,64,8,4,245.44,4563.544184207916
56,28,512,2,28,255.26,4571.544079780579
56,8,128,4,7,155.01,4579.5439453125
56,112,64,8,4,221.06,4587.544146537781
56,28,32,7,4,126.91,4595.543846845627
56,28,32,8,4,99.87,4603.543757915497
56,28,16,8,4,169.73,4611.543851613998
56,14,32,4,7,111.97,4620.038127422333
56,7,1024,4,7,746.11,4627.936922550201
56,28,128,2,16,76.32,4635.937684059143
56,7,64,4,4,63.81,4643.937170982361
56,4,128,32,4,350.75,4651.93705534935
56,14,1024,2,28,453.47,4659.936983346939
56,14,256,4,7,117.47,4668.142760515213
56,28,64,2,28,106.14,4676.042658567429
56,28,128,4,14,72.48,4684.042622089386
56,14,64,4,7,89.7,4692.042547225952
56,28,512,4,7,182.37,4700.041771888733
56,14,64,2,8,40.35,4708.041791677475
56,28,32,4,7,138.78,4716.042587041855
56,28,16,4,7,172.74,4724.042567014694
56,7,1024,32,32,252.0,4732.042730331421
56,28,256,2,112,136.45,4738.4953072071075
56,7,128,2,7,inf,4741.8549156188965
56,14,1024,4,4,917.41,4752.391359090805
56,14,128,2,112,84.03,4760.39274764061
56,28,32,4,4,59.14,4768.393030881882
56,14,128,2,56,88.16,4776.392587423325
56,28,16,4,4,67.87,4784.392771244049
56,16,64,4,7,165.66,4790.927729129791
56,8,128,2,8,219.49,4798.864711999893
56,28,8,2,16,121.73,4805.317674875259
56,28,128,2,32,81.57,4811.748081445694
56,4,64,2,14,177.09,4819.637740373611
56,28,64,2,112,133.41,4827.636860132217
56,14,128,4,7,78.59,4835.636847734451
56,4,128,4,7,201.54,4843.637727975845
56,28,512,2,112,220.64,4851.637776136398
56,8,1024,2,32,293.28,4859.637804269791
56,14,128,2,28,99.68,4867.6377825737
56,28,64,4,4,59.65,4875.637748479843
56,7,128,2,56,98.46,4883.638126373291
56,28,8,4,32,124.86,4891.63781952858
56,7,8,4,32,210.37,4899.638122081757
56,14,8,4,16,110.62,4907.638037204742
56,28,8,4,4,192.13,4915.636844158173
56,7,256,4,7,385.5,4923.638119935989
56,28,8,4,8,149.73,4931.63813328743
56,14,128,7,4,103.39,4939.6380705833435
56,14,4,4,4,157.63,4947.638091087341
56,14,8,4,28,119.3,4955.637666940689
56,14,8,2,28,199.74,4963.637793540955
56,28,8,4,14,112.54,4971.636815071106
56,28,128,2,14,88.0,4979.637523889542
56,16,128,4,7,156.22,4987.636961936951
56,7,64,2,28,140.86,4995.638101816177
56,28,8,2,14,121.73,5003.638122797012
56,28,8,2,32,122.98,5011.638229608536
56,7,128,2,28,131.26,5019.638065576553
56,28,64,7,4,116.7,5027.636841058731
56,8,8,2,28,192.96,5035.638215303421
56,28,8,2,28,122.18,5043.637901544571
56,14,256,7,14,125.76,5051.637925863266
56,14,256,16,8,140.26,5059.638172388077
56,28,8,7,4,210.75,5067.638092756271
56,56,128,2,28,201.22,5075.638125658035
56,16,64,4,4,268.93,5083.638235569
56,7,128,14,14,140.26,5091.638783693314
56,7,8,4,28,244.32,5098.131996870041
56,4,64,7,4,372.32,5106.050053834915
56,8,1024,4,32,225.28,5112.543392658234
56,56,512,2,28,384.77,5118.945201873779
56,28,8,2,8,96.99,5126.86310338974
56,14,64,8,4,87.81,5134.86373257637
56,7,1024,14,32,147.17,5142.864625692368
56,7,128,2,8,61.41,5150.862731695175
56,28,256,16,8,144.32,5158.864326477051
56,16,64,7,4,234.72,5166.86380314827
56,112,128,4,7,209.73,5174.86385679245
56,7,128,2,16,34.98,5182.863839149475
56,8,1024,16,16,193.12,5190.863794326782
56,4,64,2,16,197.09,5198.863934516907
56,28,512,14,32,151.23,5206.863924503326
56,28,8,4,28,125.02,5214.863532781601
56,14,64,7,4,112.93,5222.863757610321
56,28,8,2,112,221.18,5230.8631002902985
56,28,1024,16,28,162.08,5238.862771272659
56,7,1024,28,32,239.3,5246.863760948181
56,8,8,16,28,274.34,5254.863845348358
56,7,128,14,4,216.42,5262.863756656647
56,14,32,14,4,195.62,5270.86377120018
56,7,256,16,4,427.78,5278.863873004913
56,28,512,16,4,167.65,5286.8638463020325
56,14,128,28,4,227.55,5294.863698720932
56,28,32,16,4,189.31,5302.863774299622
56,28,8,16,4,227.36,5310.863684177399
56,8,64,2,112,90.53,5318.864162683487
56,16,128,2,112,119.9,5326.863774061203
56,7,128,14,8,144.86,5334.863830089569
56,14,256,14,112,inf,5338.252182722092
56,8,256,4,112,89.06,5344.863787889481
56,7,64,2,112,86.11,5351.399008274078
56,14,32,4,112,128.06,5357.866989374161
56,7,128,14,112,inf,5361.248374462128
56,14,256,4,112,76.16,5369.7857229709625
56,14,16,4,112,140.93,5377.790790319443
56,14,64,2,28,109.41,5385.790787935257
56,14,64,4,112,82.18,5393.791098833084
56,7,16,4,112,136.8,5400.20241856575
56,8,256,7,112,108.13,5408.1397178173065
56,7,16,14,32,182.27,5416.139483213425
56,14,256,2,112,134.62,5424.138813972473
56,7,128,16,112,inf,5427.592240571976
56,56,256,2,112,260.54,5434.22110581398
56,7,4,4,112,393.5,5440.655597925186
56,14,128,7,112,236.1,5447.240900993347
56,8,128,2,112,96.77,5455.2297620773315
56,7,256,2,112,148.32,5463.312196731567
56,8,64,16,112,inf,5466.761045694351
56,7,128,16,8,165.15,5473.381313800812
56,7,32,2,112,107.46,5479.905073165894
56,8,256,2,112,156.16,5487.838755607605
56,7,16,16,32,198.59,5494.333821058273
56,28,128,16,8,147.9,5502.276504993439
56,7,16,2,112,165.6,5510.2757341861725
56,8,128,14,14,147.81,5516.769583940506
56,7,128,16,32,143.97,5524.723664522171
56,8,128,16,28,158.75,5531.176340341568
56,8,32,14,56,188.58,5537.673862218857
56,14,64,2,14,135.49,5545.696179389954
56,8,32,4,112,141.44,5553.696252346039
56,7,128,14,32,137.09,5561.696001768112
56,28,64,4,112,138.78,5569.696008682251
56,16,64,2,112,111.65,5577.69593667984
56,8,128,16,14,158.24,5585.696007966995
56,8,128,16,56,179.62,5593.694984912872
56,8,256,14,16,150.02,5601.695909023285
56,8,64,4,112,94.24,5611.695914268494
56,14,128,14,8,155.04,5619.695989608765
56,7,64,4,112,62.5,5627.694857597351
56,8,16,4,112,206.18,5635.695743322372
56,14,128,14,28,144.96,5642.188855886459
56,7,16,14,56,228.74,5650.1348440647125
56,16,256,4,112,123.52,5658.162643432617
56,8,256,16,32,154.88,5666.161867618561
56,14,256,14,56,204.16,5674.162749290466
56,56,256,4,112,246.66,5680.696825742722
56,8,256,16,14,160.03,5688.647865056992
56,28,256,14,16,155.58,5696.647854089737
56,7,128,14,56,188.26,5704.647992610931
56,14,128,2,32,58.62,5711.18296790123
56,7,256,4,112,92.35,5719.140969514847
56,8,32,16,16,181.25,5727.1401081085205
56,7,128,4,112,62.24,5735.1408977508545
56,7,256,14,32,135.1,5743.1411254405975
56,28,256,14,8,158.53,5749.676336526871
56,7,128,14,16,135.42,5757.704632759094
56,14,64,14,28,172.77,5764.239362239838
56,14,256,14,14,148.1,5772.192777395248
56,8,128,4,112,93.57,5780.192635774612
56,14,128,14,14,152.77,5788.19267988205
56,14,256,14,16,140.51,5796.1926481723785
56,112,64,2,112,380.19,5804.191713809967
56,7,128,14,28,136.54,5812.192223310471
56,8,32,16,28,193.54,5820.192693471909
56,7,1024,16,16,142.78,5828.192440271378
56,14,8,8,28,165.41,5836.192089319229
56,4,128,56,16,383.14,5844.191750764847
56,28,512,14,4,374.94,5850.686665534973
56,14,64,16,4,150.27,5857.19514298439
56,28,256,7,56,134.59,5865.161666154861
56,56,64,7,4,164.26,5871.697944164276
56,7,1024,14,28,147.97,5879.66376209259
56,28,8,2,56,133.79,5887.663808822632
56,8,64,8,112,125.5,5894.198971033096
56,28,16,7,4,171.07,5902.168678045273
56,8,512,7,112,103.84,5910.168594360352
56,28,128,14,28,181.63,5918.2170577049255
56,14,16,7,112,305.22,5926.216972589493
56,8,32,7,112,167.01,5934.216924905777
56,7,512,2,112,131.36,5942.21705698967
56,14,128,4,112,80.38,5950.216850042343
56,7,8,7,112,340.99,5958.216813087463
56,8,16,7,112,238.59,5966.2168118953705
56,28,64,16,4,154.11,5974.217009067535
56,112,64,4,112,440.58,5982.217134714127
56,14,64,7,112,161.02,5990.216975688934
56,7,128,7,56,94.85,5998.259051799774
56,7,512,7,112,104.74,6006.285928010941
56,8,64,7,112,133.02,6014.32332110405
56,28,128,14,16,157.28,6022.353806734085
56,7,256,7,112,118.85,6030.533333539963
56,7,256,8,14,180.61,6038.520803689957
56,16,256,7,112,160.51,6046.5217933654785
56,14,64,8,112,152.51,6053.05705165863
56,4,128,8,14,161.54,6061.051512002945
56,8,512,8,112,99.84,6069.051278114319
56,14,32,16,4,197.98,6077.050775527954
56,7,32,7,112,127.52,6085.051127195358
56,7,64,7,112,110.88,6093.050408363342
56,7,128,16,16,143.3,6101.051117897034
56,28,512,2,56,229.41,6109.0511429309845
56,8,128,7,112,137.38,6117.050705432892
56,28,32,14,4,180.58,6125.051163196564
56,7,8,14,28,322.18,6133.117052555084
56,8,256,16,28,152.16,6141.116726160049
56,4,128,14,14,168.16,6149.116986274719
56,8,64,16,14,163.36,6157.116984128952
56,28,64,16,16,186.08,6165.116947412491
56,14,512,14,14,174.43,6173.116995811462
56,7,64,2,14,171.39,6181.117227315903
56,14,64,16,8,162.11,6189.116793632507
56,7,64,16,16,152.83,6197.115792989731
56,28,128,14,4,164.61,6205.117015838623
56,56,256,7,112,613.86,6213.184485435486
56,14,128,8,32,88.19,6221.185606002808
56,7,64,16,32,151.94,6229.189858913422
56,7,64,16,4,163.55,6237.189701080322
56,7,256,14,14,158.02,6243.724823713303
56,16,256,2,112,174.72,6251.717401742935
56,14,64,28,4,227.04,6259.718746185303
56,28,32,28,4,255.07,6267.727844238281
56,56,64,16,28,357.6,6275.732967376709
56,8,64,16,16,164.38,6283.737833023071
56,8,64,16,8,183.39,6291.737761497498
56,8,64,2,28,96.16,6299.745662689209
56,28,64,16,32,185.66,6307.745964288712
56,56,64,8,112,482.62,6315.760543823242
56,14,256,28,32,268.42,6323.766571521759
56,28,8,7,8,195.9,6331.775690793991
56,28,128,16,14,160.29,6339.865796327591
56,14,256,7,112,180.22,6347.875269174576
56,28,64,4,7,102.98,6355.88413476944
56,8,64,16,56,276.35,6363.901134252548
56,7,256,8,112,82.4,6371.9138152599335
56,28,128,16,28,181.18,6379.916614294052
56,8,32,8,112,149.86,6387.926151752472
56,28,256,14,14,165.25,6395.92723274231
56,28,8,7,14,179.04,6403.928775072098
56,28,16,2,7,inf,6407.395697593689
56,28,64,32,4,300.96,6413.93350815773
56,14,128,7,7,111.3,6422.01277589798
56,14,32,14,28,226.24,6430.0186421871185
56,16,128,14,7,142.94,6438.05312371254
56,4,128,14,7,185.28,6444.606777191162
56,28,256,4,7,124.67,6452.651640415192
56,14,256,7,7,164.32,6460.751740455627
56,14,64,14,7,146.69,6467.29799580574
56,14,256,32,7,330.5,6475.32049369812
56,14,128,28,7,247.55,6481.813764572144
56,4,128,16,7,211.07,6489.907006025314
56,8,128,28,7,258.34,6497.906818628311
56,56,128,14,7,310.02,6505.9086809158325
56,8,128,7,7,131.23,6513.921893596649
56,14,256,14,4,261.02,6521.935441017151
56,14,32,2,112,97.12,6530.033799171448
56,8,64,2,14,125.15,6538.055377960205
56,28,4,4,7,242.11,6544.567498445511
56,112,128,2,112,430.94,6552.593014240265
56,14,128,16,7,172.1,6560.61886715889
56,14,256,32,32,290.56,6568.6427454948425
56,7,64,2,8,61.44,6576.654427289963
56,7,32,8,112,117.57,6584.664721488953
56,8,1024,8,112,118.21,6592.6647963523865
56,28,8,4,7,143.81,6600.67876458168
56,7,16,8,112,177.73,6608.702784776688
56,14,256,8,112,121.41,6616.76175236702
56,14,256,14,28,140.32,6624.824986219406
56,28,128,28,4,237.54,6632.875900745392
56,8,1024,16,28,175.58,6640.902081251144
56,8,128,32,7,292.58,6648.929404973984
56,7,128,14,7,139.33,6656.958687067032
56,7,128,28,7,235.2,6664.9849734306335
56,8,4,8,112,697.47,6673.007757425308
56,16,128,8,14,129.92,6679.542819261551
56,14,64,32,4,287.07,6687.569804191589
56,7,128,7,8,109.95,6695.609087944031
56,8,1024,16,14,198.34,6703.641858816147
56,16,128,8,32,122.46,6711.6608238220215
56,7,128,16,7,177.15,6719.687982797623
56,14,256,14,8,165.34,6727.7317481040955
56,7,128,16,56,156.61,6735.765753984451
56,28,64,14,4,171.01,6743.883713245392
56,14,16,2,32,140.35,6751.9157502651215
56,16,64,2,28,131.33,6759.944839715958
56,28,256,4,112,132.0,6767.977664232254
56,8,1024,14,28,160.77,6774.4306445121765
56,28,16,2,56,131.26,6781.034322023392
56,16,64,16,4,176.1,6788.978737592697
56,28,64,7,112,281.31,6795.543649196625
56,28,128,16,7,177.34,6802.081608772278
56,7,32,16,7,178.21,6810.124870061874
56,8,32,2,112,106.75,6816.698454141617
56,28,8,14,28,436.96,6824.742874860764
56,16,128,8,8,152.74,6833.084940195084
56,28,1024,4,4,128.99,6841.321533441544
56,28,256,14,7,167.81,6849.365843057632
56,28,32,7,7,146.4,6857.408758401871
56,28,128,32,4,248.9,6865.449779510498
56,28,512,7,7,196.7,6873.4841837883
56,7,32,7,7,173.09,6881.51628613472
56,28,4,7,7,254.27,6888.01434135437
56,56,1024,16,28,241.57,6896.045765638351
56,28,64,14,7,191.42,6904.081720113754
56,7,128,7,7,130.18,6912.121030330658
56,28,32,14,7,250.46,6920.153955459595
56,28,128,14,7,174.24,6928.203699350357
56,28,4,14,7,494.91,6936.600306510925
56,16,64,2,32,117.89,6947.033996105194
56,28,16,7,7,187.68,6955.074932575226
56,28,64,7,7,114.02,6963.133415699005
56,14,16,2,8,56.16,6971.185964584351
56,28,64,32,7,340.16,6977.778028726578
56,28,16,16,7,290.08,6985.834112167358
56,56,512,14,28,272.13,6993.893772363663
56,14,16,16,7,229.54,7000.478766202927
56,28,16,28,7,494.91,7008.538366317749
56,28,256,28,32,304.58,7016.602139234543
56,56,512,8,28,194.66,7024.657365322113
56,4,128,7,14,157.7,7032.714715480804
56,14,16,4,7,124.61,7040.805770397186
56,56,64,16,4,156.7,7048.867379426956
56,8,1024,28,28,261.76,7056.933709859848
56,56,16,4,7,178.14,7064.933722496033
56,7,16,16,7,244.64,7072.973568439484
56,4,128,1,56,95.23,7081.010982990265
56,7,16,7,7,254.24,7087.606060504913
56,4,64,2,32,157.57,7094.115356206894
56,4,256,1,56,144.22,7102.1817326545715
56,56,64,14,4,304.83,7110.235730886459
56,4,256,1,16,338.88,7118.3032166957855
56,7,128,32,7,264.38,7124.896050691605
56,4,32,1,14,inf,7128.41543507576
56,8,16,7,7,159.3,7137.002430438995
56,56,16,7,7,206.14,7145.059841632843
56,28,128,28,7,271.58,7151.648817777634
56,4,4,2,14,407.42,7158.219144821167
56,28,8,7,32,226.43,7166.277728319168
56,16,128,8,56,135.01,7172.836856842041
56,8,1024,2,112,199.65,7179.428811073303
56,4,256,1,32,214.53,7186.033887147903
56,4,32,8,14,179.55,7194.116500377655
56,7,64,32,4,302.78,7202.200678110123
56,16,16,7,7,210.5,7210.2736048698425
56,4,256,1,4,inf,7213.801762342453
56,14,512,7,16,139.78,7220.401704788208
56,28,256,32,32,327.17,7226.9804475307465
56,28,8,7,28,225.92,7233.514599323273
56,56,512,16,56,377.92,7240.091065168381
56,16,128,2,14,135.39,7248.181560277939
56,14,512,16,8,139.46,7256.180699586868
56,28,16,14,7,347.74,7264.256598234177
56,2,128,2,8,415.87,7272.3267414569855
56,28,128,7,7,110.66,7280.39409327507
56,7,64,28,4,250.88,7288.480726957321
56,14,512,16,14,168.86,7296.554069519043
56,14,32,2,56,96.26,7304.621300697327
56,16,64,7,112,205.92,7312.692761421204
56,8,1024,2,28,278.02,7320.922206163406
56,56,512,2,16,173.79,7329.005747556686
56,4,128,7,32,114.53,7337.084672212601
56,28,8,28,4,258.27,7345.17036318779
56,7,128,56,56,inf,7348.714716672897
