BF,BN,BOH,BOW,TC,TF,TKH,TKW,TN,TOH,TOW,objective,elapsed_sec
1,1,1,1,1,1,1,1,1,1,1,inf,10.592102766036987
1024,1,17,1,256,8,1,1,1,17,1,52500.0,18.590346336364746
4,1,1,1,4,16,3,1,1,17,1,1.7976931348623157e+308,22.59133267402649
2,1,1,17,128,64,1,3,1,1,1,1.7976931348623157e+308,26.71399188041687
16,1,1,17,8,16,1,1,1,17,1,1.7976931348623157e+308,30.960474252700806
16,1,1,17,512,16,1,3,1,1,17,1.7976931348623157e+308,35.204429388046265
32,1,17,1,4,1,3,1,1,17,17,154370.0,44.98721170425415
256,1,17,1,8,256,3,3,1,1,1,1.7976931348623157e+308,50.986541986465454
256,1,1,1,64,2,1,1,1,1,1,inf,54.23920202255249
8,1,1,1,8,128,1,1,1,1,1,1.7976931348623157e+308,59.43927335739136
1024,1,1,17,256,16,1,1,1,1,17,465780.0,71.28634452819824
256,1,1,17,1,16,1,3,1,17,1,16300.0,77.78037905693054
4,1,1,17,256,16,1,3,1,17,1,1.7976931348623157e+308,82.09926772117615
1024,1,1,17,128,16,1,3,1,17,1,11430.0,89.94328474998474
2,1,1,17,512,16,1,3,1,17,1,1.7976931348623157e+308,94.3127977848053
512,1,1,1,32,16,1,3,1,17,1,4010.0,100.70218968391418
8,1,1,1,512,16,1,3,1,17,1,1.7976931348623157e+308,105.03900384902954
1024,1,1,17,16,32,1,3,1,17,1,7460.0,111.46051692962646
1024,1,1,17,64,128,1,3,1,17,1,inf,114.85519289970398
256,1,17,1,64,16,1,3,1,17,17,inf,116.76025128364563
1024,1,1,17,2,64,3,1,1,17,1,inf,118.7697651386261
2,1,1,1,1,128,1,1,1,17,1,inf,120.77145552635193
8,1,1,17,1,1024,1,3,1,1,1,1.7976931348623157e+308,127.39326429367065
1,1,1,1,8,16,1,1,1,17,1,inf,130.81951808929443
1024,1,1,1,4,64,1,3,1,1,1,27100.0,137.72214603424072
1024,1,1,1,4,512,1,3,1,1,1,1.7976931348623157e+308,143.7373971939087
2,1,1,17,4,16,1,3,1,1,1,1.7976931348623157e+308,271.73727345466614
512,1,1,1,1,64,1,1,1,1,1,78400.0,279.7370984554291
1024,1,17,1,1,512,1,1,1,1,1,1.7976931348623157e+308,285.7373757362366
16,1,1,1,1,64,3,1,1,1,1,324320.0,296.1487715244293
1024,1,1,17,4,16,1,3,1,17,1,10800.0,304.1012463569641
1024,1,1,17,4,8,1,3,1,17,1,8970.0,312.10121631622314
1024,1,17,17,4,16,1,3,1,17,1,103440.0,320.1013219356537
1024,1,1,17,4,16,3,3,1,17,1,9160.0,328.10030221939087
1024,1,1,17,4,64,1,3,1,17,1,inf,331.5163023471832
1024,1,1,1,4,16,3,3,1,17,1,4140.0,338.1016933917999
1024,1,17,17,4,16,3,1,1,17,17,inf,341.5104269981384
1024,1,1,17,1,16,3,3,1,17,1,16600.0,348.2251310348511
1024,1,1,17,512,16,3,3,1,17,1,1.7976931348623157e+308,352.67948389053345
1024,1,1,17,4,16,1,1,1,17,1,25470.0,360.64723348617554
1024,1,1,1,4,16,1,1,1,17,1,5970.0,368.6482057571411
256,1,1,1,4,16,3,3,1,17,1,2650.0,376.6545469760895
1024,1,1,17,4,16,3,1,1,17,1,12070.0,384.65456342697144
4,1,1,17,4,16,3,3,1,17,1,1.7976931348623157e+308,389.14750719070435
1024,1,17,1,4,16,1,3,1,17,1,44770.0,397.1579842567444
1024,1,1,1,4,16,3,1,1,1,1,27810.0,405.1580913066864
64,1,1,1,4,16,3,3,1,17,1,2240.0,413.1572346687317
1024,1,1,1,4,16,1,3,1,17,1,3650.0,421.1581130027771
1,1,1,1,4,16,3,3,1,17,1,inf,424.62988114356995
1024,1,17,1,4,16,3,3,1,17,1,41830.0,433.1673684120178
1024,1,1,1,4,16,3,1,1,17,1,4820.0,441.1678395271301
1024,1,1,1,4,16,3,3,1,17,17,inf,444.61643981933594
1024,1,17,1,4,16,1,1,1,1,1,21150.0,451.6072840690613
1024,1,1,1,4,16,1,1,1,1,1,28520.0,459.5932524204254
1024,1,17,17,4,16,3,1,1,1,1,49690.0,467.59356331825256
1024,1,17,1,4,16,1,3,1,1,1,13110.0,475.59367060661316
1024,1,17,1,4,16,3,1,1,17,1,55340.0,483.60423469543457
1024,1,1,17,4,16,3,1,1,1,1,30500.0,491.60436367988586
1024,1,1,1,128,16,1,3,1,1,1,1.7976931348623157e+308,496.0569648742676
1024,1,1,17,4,16,1,1,1,1,1,63020.0,504.03915309906006
1024,1,17,1,4,16,3,1,1,1,1,21080.0,512.0572025775909
1024,1,17,1,4,16,3,3,1,1,1,18180.0,520.0562973022461
1024,1,17,17,4,16,1,1,1,17,1,277700.0,530.0562524795532
256,1,1,1,4,16,1,1,1,17,1,5860.0,538.0803053379059
1024,1,1,1,4,16,1,3,1,1,1,22420.0,546.0802359580994
32,1,1,1,4,16,1,3,1,1,1,33790.0,554.0812456607819
512,1,1,1,4,16,1,1,1,1,1,20580.0,562.0812149047852
16,1,17,1,4,16,1,1,1,1,1,1.7976931348623157e+308,566.5652675628662
256,1,1,1,4,16,3,1,1,17,1,5440.0,574.5640859603882
256,1,1,1,4,16,3,1,1,1,1,13010.0,582.563248872757
1024,1,1,1,4,16,3,3,1,1,1,20310.0,590.5642273426056
256,1,1,1,4,16,1,1,1,1,1,17660.0,598.5906729698181
1024,1,1,17,4,16,3,3,1,1,1,19920.0,606.5902440547943
256,1,17,1,4,16,3,1,1,1,1,8640.0,614.59068775177
256,1,17,1,4,16,1,1,1,1,1,8080.0,622.5907289981842
256,1,1,1,4,256,3,1,1,17,1,inf,626.0436890125275
256,1,1,1,4,16,1,3,1,1,1,13630.0,632.7448630332947
256,1,17,1,4,16,3,3,1,17,1,11500.0,640.7504103183746
256,1,1,17,4,16,1,3,1,17,1,4560.0,647.2856538295746
256,1,1,17,4,16,3,1,1,1,1,19170.0,655.2711515426636
256,1,17,1,4,16,3,3,1,1,1,5510.0,663.3132331371307
256,1,1,17,4,16,1,1,1,17,1,13400.0,671.3132827281952
256,1,17,17,4,16,3,3,1,17,1,47200.0,679.315408706665
256,1,17,1,4,16,1,3,1,17,1,13790.0,687.3210251331329
256,1,17,1,4,16,1,1,1,17,1,20360.0,695.3502745628357
256,1,1,17,4,16,1,1,1,1,1,26500.0,703.3492977619171
256,1,1,17,4,16,3,1,1,17,1,4890.0,711.349339723587
256,1,1,1,4,16,1,1,1,17,17,inf,714.8146953582764
256,1,1,17,4,16,3,3,1,17,1,4050.0,721.4022648334503
256,1,1,1,4,16,3,3,1,1,1,10040.0,729.4114437103271
256,1,1,17,4,16,1,3,1,1,1,14950.0,737.4233431816101
256,1,17,1,4,16,3,1,1,17,1,19350.0,745.4653141498566
256,1,1,1,4,16,1,3,1,17,1,3410.0,752.0023877620697
1024,1,17,17,4,16,3,3,1,17,1,73190.0,759.9979691505432
512,1,1,1,4,16,1,1,1,17,1,5170.0,768.0022628307343
256,1,1,17,4,16,3,3,1,1,1,9800.0,776.0457091331482
256,1,17,17,4,16,3,1,1,1,1,26000.0,784.0456554889679
256,1,17,1,4,16,1,3,1,1,1,5010.0,792.0452268123627
256,1,17,17,4,16,1,3,1,1,1,19190.0,800.045640707016
256,1,17,17,4,16,1,3,1,17,1,48320.0,808.0940706729889
512,1,17,1,4,16,1,1,1,1,1,11950.0,816.0970306396484
512,1,17,1,4,16,1,1,1,17,1,32630.0,824.1023361682892
512,1,17,1,4,16,1,3,1,1,1,7230.0,832.1165072917938
256,1,17,17,4,16,3,1,1,17,1,31540.0,840.1421265602112
512,1,1,17,4,16,3,3,1,1,1,11470.0,848.1441068649292
512,1,1,1,4,16,1,3,1,17,1,3270.0,856.1811952590942
512,1,1,1,4,16,3,3,1,17,1,2490.0,864.1813108921051
512,1,17,1,4,16,3,3,1,17,1,17970.0,872.2202441692352
512,1,17,1,4,16,3,3,1,1,1,9690.0,880.2280473709106
512,1,17,17,4,16,3,1,1,1,1,28350.0,888.2322933673859
512,1,17,17,4,16,3,3,1,17,1,66480.0,896.2787091732025
512,1,17,1,4,16,1,3,1,17,1,21910.0,904.2788369655609
512,1,1,1,4,16,3,1,1,1,1,17860.0,912.2828483581543
512,1,1,17,4,16,1,1,1,1,1,31480.0,920.2923781871796
512,1,1,17,4,16,3,1,1,17,1,8190.0,928.3286204338074
512,1,1,1,4,16,3,1,1,17,1,4760.0,936.335088968277
512,1,1,1,4,16,3,3,1,1,1,15460.0,944.3351168632507
512,1,1,17,4,16,1,3,1,1,1,16850.0,952.3400089740753
256,1,17,17,4,16,1,1,1,1,1,59170.0,960.3796653747559
512,1,1,17,4,16,3,3,1,17,1,5740.0,968.3799865245819
64,1,1,1,4,16,3,1,1,1,1,19670.0,976.3954501152039
512,1,17,17,4,16,1,1,1,17,1,171060.0,984.8968098163605
512,1,17,1,4,16,3,1,1,1,1,12560.0,992.9362182617188
1,1,1,1,4,16,3,1,1,1,1,inf,996.4009425640106
512,1,17,17,4,16,1,1,1,1,1,65500.0,1004.9459207057953
512,1,1,17,4,16,1,3,1,17,1,7480.0,1012.9459898471832
1024,1,1,17,4,16,1,3,1,1,1,28830.0,1020.9852204322815
512,1,17,17,4,16,3,3,1,1,1,26310.0,1028.98566031456
256,1,17,17,4,16,3,3,1,1,1,20210.0,1037.0363547801971
128,1,17,1,4,16,3,3,1,1,1,4160.0,1043.6174120903015
64,1,17,1,4,16,3,3,1,17,1,1.7976931348623157e+308,1169.6192367076874
512,1,1,17,4,16,3,1,1,1,1,22330.0,1177.6191301345825
512,1,1,1,4,16,1,3,1,1,1,16360.0,1185.6256334781647
512,1,17,1,4,16,3,1,1,17,1,28830.0,1193.6619594097137
64,1,1,1,4,16,3,3,1,1,1,9310.0,1201.6698606014252
1024,1,17,17,4,16,3,3,1,1,1,38160.0,1209.694186925888
1024,1,17,1,4,16,1,1,1,17,1,67170.0,1217.694658279419
64,1,17,1,4,16,3,3,1,1,1,14360.0,1225.7028427124023
64,1,1,17,4,16,3,1,1,17,1,11410.0,1233.7162156105042
64,1,1,17,4,16,3,1,1,1,1,17640.0,1241.7776820659637
64,1,17,17,4,16,1,3,1,1,1,187470.0,1251.7860922813416
64,1,17,1,4,16,3,1,1,1,1,15680.0,1259.78617477417
512,1,1,17,4,16,1,1,1,17,1,17790.0,1267.8047680854797
256,1,17,17,4,16,1,1,1,17,1,130990.0,1275.8611466884613
64,1,17,1,4,16,1,1,1,1,1,14660.0,1283.8873794078827
64,1,1,1,4,16,1,1,1,1,1,22650.0,1291.8992338180542
64,1,1,17,4,16,1,1,1,1,1,32890.0,1299.9162425994873
64,1,17,17,4,16,3,3,1,1,1,221610.0,1309.9875597953796
64,1,17,1,4,16,1,3,1,1,1,14850.0,1318.0188727378845
64,1,1,17,4,16,1,1,1,17,1,34740.0,1326.0512399673462
64,1,1,1,4,16,3,1,1,17,1,2730.0,1334.08025598526
64,1,1,1,4,16,1,3,1,17,1,4950.0,1342.1442656517029
16,1,17,1,4,16,3,3,1,1,1,1.7976931348623157e+308,1346.6078932285309
128,1,1,1,4,16,3,1,1,17,1,7560.0,1354.6366403102875
64,1,17,1,4,16,3,1,1,17,1,1.7976931348623157e+308,1480.7029504776
8,1,1,1,4,16,3,1,1,17,1,1.7976931348623157e+308,1485.2241718769073
64,1,1,1,4,16,1,1,1,17,1,5690.0,1493.2517688274384
1024,1,17,17,4,16,1,1,1,1,1,91040.0,1501.2828822135925
1024,1,17,17,4,16,3,1,1,17,1,136540.0,1509.3551161289215
64,1,17,1,4,16,1,3,1,17,1,34780.0,1517.3858289718628
64,1,17,1,4,16,1,1,1,17,1,39420.0,1525.4204361438751
32,1,1,17,4,16,3,1,1,17,1,1.7976931348623157e+308,1529.945226430893
512,1,17,17,4,16,3,1,1,17,1,51290.0,1538.0258944034576
512,1,1,17,4,4,1,3,1,17,1,9000.0,1546.0413019657135
64,1,1,17,4,16,1,3,1,1,1,19170.0,1554.0664310455322
512,1,1,17,4,128,1,3,1,17,1,inf,1557.5433187484741
128,1,1,1,4,16,1,3,1,17,1,3440.0,1564.156275510788
64,1,1,17,4,16,1,3,1,17,1,35160.0,1572.190040588379
128,1,1,1,4,16,1,1,1,17,1,8290.0,1580.2162647247314
64,1,17,17,4,16,1,1,1,1,1,189530.0,1590.239352464676
64,1,1,17,4,16,3,3,1,1,1,15980.0,1598.3327462673187
64,1,1,1,4,16,1,3,1,1,1,13040.0,1606.3709931373596
8,1,1,1,4,16,1,1,1,17,1,1.7976931348623157e+308,1610.9441294670105
128,1,1,17,4,16,1,1,1,1,1,25960.0,1619.0251502990723
128,1,17,1,4,16,1,3,1,1,1,3730.0,1627.0645017623901
128,1,1,17,4,16,1,3,1,17,1,3640.0,1633.6376826763153
128,1,17,1,4,16,1,3,1,17,1,10360.0,1641.6802780628204
128,1,1,17,4,16,3,3,1,1,1,8030.0,1649.7703187465668
128,1,1,1,4,16,3,3,1,1,1,10890.0,1657.805296421051
128,1,1,1,4,16,1,3,1,1,1,15120.0,1665.8502464294434
128,1,1,17,4,16,3,1,1,1,1,18140.0,1673.8892455101013
128,1,17,1,4,16,1,1,1,1,1,8220.0,1681.9597055912018
128,1,1,1,4,16,3,1,1,1,1,17170.0,1689.9975497722626
128,1,1,17,4,16,1,3,1,1,1,11350.0,1698.0331692695618
128,1,17,17,4,16,3,1,1,1,1,21810.0,1706.0779120922089
128,1,1,1,4,16,1,1,1,1,1,19090.0,1714.150880098343
128,1,1,17,4,16,3,3,1,17,1,3890.0,1722.1977279186249
128,1,1,17,4,16,1,1,1,17,1,10280.0,1730.2468407154083
128,1,1,17,4,16,3,1,1,17,1,3790.0,1736.8493378162384
128,1,1,1,4,16,3,3,1,17,1,3570.0,1744.893304347992
512,1,1,17,1,16,1,3,1,17,1,21400.0,1752.9232113361359
128,1,17,17,4,16,1,3,1,17,1,28740.0,1760.971803188324
128,1,17,1,4,16,1,1,1,17,1,14760.0,1769.0573391914368
128,1,17,1,4,16,3,3,1,17,1,8610.0,1777.1173734664917
128,1,17,1,4,16,3,1,1,17,1,13010.0,1785.4429016113281
128,1,17,17,4,16,1,3,1,1,1,15830.0,1793.4906408786774
512,1,1,17,1,16,3,3,1,1,1,20860.0,1801.5714735984802
128,1,17,17,4,16,1,1,1,17,1,56750.0,1809.628984928131
512,1,17,1,1,16,3,3,1,1,1,18490.0,1817.6792576313019
512,1,17,1,1,16,1,3,1,17,1,33090.0,1825.7395224571228
512,1,17,17,1,16,1,3,1,17,1,377420.0,1837.7910068035126
64,1,1,17,4,16,3,3,1,17,1,11940.0,1845.8898067474365
128,1,17,17,4,16,3,3,1,17,1,20460.0,1853.942216873169
128,1,17,1,4,16,3,1,1,1,1,8990.0,1861.9992978572845
512,1,1,17,1,16,3,1,1,1,1,27580.0,1870.0550582408905
512,1,1,17,1,16,3,1,1,17,1,27630.0,1878.1611988544464
512,1,1,1,1,16,1,3,1,17,1,7050.0,1886.2262766361237
512,1,1,17,1,16,1,1,1,17,1,63250.0,1894.2807710170746
512,1,1,1,64,16,3,3,1,1,1,49970.0,1902.3333814144135
512,1,1,1,1,16,3,1,1,17,1,37300.0,1910.439549446106
512,1,1,1,1,16,3,3,1,1,1,20680.0,1918.502249956131
512,1,1,17,1,16,1,3,1,1,1,28110.0,1926.5808262825012
512,1,17,1,1,16,3,3,1,17,1,34370.0,1934.6887457370758
512,1,1,1,256,16,1,3,1,17,1,1.7976931348623157e+308,1939.2486624717712
256,1,1,17,1,16,3,1,1,1,1,24860.0,1947.3139624595642
256,1,1,17,1,16,3,3,1,1,1,23710.0,1955.3909363746643
128,1,1,17,1,16,3,3,1,17,1,4670.0,1962.049042224884
128,1,1,1,1,16,3,3,1,17,1,9960.0,1970.1257202625275
128,1,1,17,1,16,3,1,1,17,1,14120.0,1978.2099404335022
256,1,1,1,1,16,3,3,1,17,1,7630.0,1986.285882472992
128,1,17,1,1,16,3,3,1,1,1,11540.0,1994.4030759334564
128,1,1,1,1,16,3,1,1,17,1,39790.0,2002.4625236988068
256,1,1,1,1,16,3,1,1,17,1,38470.0,2010.549250125885
128,1,1,17,1,16,1,3,1,1,1,29380.0,2018.6647820472717
64,1,1,1,1,16,3,3,1,1,1,24000.0,2026.7376940250397
128,1,17,1,1,16,3,3,1,17,1,16730.0,2034.8181314468384
128,1,1,1,1,16,1,3,1,1,1,21980.0,2042.8750727176666
256,1,17,1,1,16,3,1,1,1,1,37730.0,2051.0023424625397
64,1,1,1,1,16,3,3,1,17,1,6960.0,2059.0833008289337
256,1,1,1,1,16,1,3,1,17,1,9210.0,2067.166677713394
128,1,17,1,128,16,3,3,1,1,1,27180.0,2075.242229938507
128,1,1,17,1,16,1,3,1,17,1,13970.0,2083.3614678382874
128,1,17,1,32,16,3,1,1,1,1,14770.0,2091.4343361854553
128,1,1,1,16,16,3,3,1,17,1,2660.0,2098.0349555015564
128,1,1,17,2,16,3,3,1,1,1,13730.0,2106.107096672058
128,1,1,17,16,16,3,3,1,17,1,2070.0,2114.2242708206177
128,1,1,17,2,16,3,3,1,17,1,6910.0,2122.3044641017914
128,1,1,1,2,16,3,3,1,17,1,5640.0,2130.3841004371643
128,1,1,1,8,16,3,3,1,17,1,3120.0,2138.5051527023315
128,1,1,1,128,16,3,3,1,17,1,1.7976931348623157e+308,2144.5966205596924
128,1,17,1,2,16,3,3,1,1,1,6470.0,2152.679408788681
128,1,1,17,32,16,3,3,1,17,1,2080.0,2160.8018193244934
128,1,1,17,64,16,3,3,1,17,1,2130.0,2168.9307153224945
128,1,17,1,64,16,3,3,1,17,1,22140.0,2177.023341655731
128,1,1,1,32,16,3,3,1,17,1,2640.0,2183.634374856949
128,1,1,17,8,16,3,3,1,17,1,2640.0,2190.258415222168
128,1,1,1,64,16,1,3,1,1,1,26020.0,2198.3820538520813
128,1,1,17,2,16,1,3,1,17,1,6920.0,2206.460189342499
128,1,1,17,16,16,1,3,1,17,1,2490.0,2214.5421376228333
128,1,1,1,16,16,1,3,1,17,1,2120.0,2221.1988468170166
128,1,1,1,16,16,1,1,1,17,1,4040.0,2227.8180344104767
128,1,1,1,64,16,1,3,1,17,1,2610.0,2235.9060821533203
128,1,1,1,64,16,3,3,1,17,1,2800.0,2243.988434791565
128,1,1,17,32,16,1,3,1,17,1,2640.0,2250.6566717624664
128,1,1,1,32,16,1,3,1,17,1,2230.0,2258.737553834915
128,1,1,1,16,16,3,1,1,17,1,3840.0,2266.829216003418
128,1,1,1,2,16,1,1,1,17,1,20560.0,2274.9192230701447
128,1,1,1,1,16,1,3,1,17,1,11880.0,2283.0572764873505
128,1,1,1,64,16,1,1,1,17,1,3580.0,2291.1437137126923
128,1,1,1,32,16,3,1,1,17,1,2850.0,2299.2501571178436
128,1,1,1,64,16,3,1,1,17,1,3010.0,2307.400060415268
128,1,1,1,8,16,3,1,1,17,1,5370.0,2315.488064289093
128,1,1,1,8,16,1,3,1,17,1,2480.0,2322.1144065856934
128,1,17,1,8,16,3,3,1,1,1,5730.0,2330.2150568962097
128,1,1,17,8,16,1,3,1,17,1,3710.0,2338.364774465561
128,1,1,1,8,16,3,3,1,1,1,15810.0,2346.4572293758392
128,1,1,1,8,16,1,1,1,17,1,5500.0,2354.5513575077057
128,1,1,17,8,16,3,1,1,17,1,7200.0,2362.642123937607
128,1,17,1,16,16,3,1,1,17,1,13590.0,2370.777750015259
128,1,17,1,2,16,3,3,1,17,1,10100.0,2378.8764493465424
128,1,1,1,16,16,3,3,1,1,1,14980.0,2386.9793186187744
128,1,1,1,2,16,3,1,1,17,1,23410.0,2395.1124560832977
128,1,1,1,32,16,3,3,1,1,1,22940.0,2403.2042684555054
64,1,1,1,1,16,1,1,1,17,1,17830.0,2411.3842763900757
64,1,1,1,1,16,1,3,1,17,1,16620.0,2419.4813466072083
128,1,17,1,16,16,3,3,1,17,1,12400.0,2427.6154396533966
128,1,17,1,8,16,1,3,1,1,1,3750.0,2435.7046389579773
256,1,1,1,32,16,3,3,1,17,1,3040.0,2443.798455476761
128,1,1,17,64,16,3,1,1,17,1,2710.0,2451.88422703743
128,1,1,1,32,16,1,1,1,17,1,3420.0,2460.028065443039
128,1,1,1,2,16,1,3,1,17,1,5990.0,2468.1083903312683
256,1,17,1,32,16,3,3,1,1,1,14960.0,2476.1954748630524
256,1,1,1,32,16,3,3,1,1,1,26280.0,2484.3196659088135
256,1,1,1,2,16,3,3,1,17,1,3650.0,2492.4069113731384
256,1,17,1,16,16,3,3,1,1,1,9620.0,2500.48632144928
256,1,1,1,8,16,3,3,1,17,1,2580.0,2508.581124305725
256,1,1,1,64,16,1,3,1,17,1,5170.0,2516.7292256355286
256,1,1,1,32,16,3,1,1,17,1,3370.0,2524.829433441162
256,1,1,1,64,16,3,3,1,17,1,4020.0,2532.929616689682
256,1,1,17,64,16,3,3,1,17,1,2850.0,2541.022852420807
256,1,1,1,16,16,1,3,1,17,1,2660.0,2549.1649210453033
256,1,1,1,32,16,1,3,1,17,1,2360.0,2555.8012568950653
256,1,1,1,2,16,3,1,1,17,1,23580.0,2563.900249481201
256,1,1,17,32,16,3,3,1,17,1,2410.0,2572.0352160930634
256,1,1,17,16,16,3,3,1,17,1,2370.0,2580.203280687332
256,1,1,17,32,16,1,3,1,17,1,3310.0,2588.2982726097107
256,1,1,17,16,16,1,3,1,17,1,3420.0,2596.4035234451294
256,1,1,1,8,16,1,3,1,17,1,2340.0,2604.5460307598114
256,1,1,17,2,16,1,3,1,17,1,8240.0,2612.6373329162598
256,1,1,17,64,16,1,3,1,17,1,3420.0,2620.7364037036896
256,1,1,1,16,16,3,3,1,17,1,2440.0,2628.822708129883
256,1,17,1,8,16,1,3,1,1,1,5830.0,2636.968971967697
256,1,1,17,8,16,3,3,1,17,1,3030.0,2645.071887254715
128,1,1,1,2,16,3,3,1,1,1,12830.0,2653.1810262203217
256,1,1,17,8,16,1,3,1,17,1,4640.0,2661.3285109996796
256,1,1,1,32,16,1,1,1,17,1,3300.0,2669.434677839279
256,1,1,1,64,16,1,1,1,17,1,4150.0,2677.5252211093903
256,1,1,17,32,16,1,1,1,17,1,5680.0,2685.972949743271
128,1,17,1,16,16,1,3,1,1,1,5330.0,2696.122394800186
256,1,1,1,2,16,1,1,1,17,1,21030.0,2706.216237306595
128,1,17,1,32,16,3,3,1,1,1,13560.0,2716.319256067276
256,1,1,1,16,16,1,1,1,17,1,4800.0,2726.4343440532684
256,1,17,1,8,16,1,1,1,1,1,7800.0,2734.5805172920227
256,1,17,1,64,16,1,3,1,17,1,15440.0,2742.9349768161774
128,1,1,17,16,16,3,1,1,17,1,4570.0,2751.0492861270905
128,1,1,17,32,16,3,1,1,17,1,3040.0,2759.22492313385
256,1,17,1,2,16,1,1,1,1,1,13790.0,2767.3328051567078
256,1,1,1,64,16,3,1,1,17,1,3480.0,2775.449331998825
256,1,1,17,16,16,1,1,1,17,1,8670.0,2783.563547372818
256,1,1,17,2,16,1,1,1,17,1,25770.0,2791.7156908512115
256,1,17,1,64,16,3,3,1,1,1,15010.0,2799.8357632160187
128,1,17,1,8,16,1,1,1,1,1,6670.0,2807.9615807533264
64,1,1,1,1,16,3,1,1,1,1,36020.0,2816.084098339081
256,1,17,1,64,16,1,3,1,1,1,11210.0,2824.2399418354034
256,1,1,1,8,16,1,1,1,17,1,4960.0,2832.349594593048
128,1,17,1,8,16,3,1,1,1,1,6610.0,2840.44286942482
256,1,1,17,64,16,1,1,1,17,1,5610.0,2848.542806625366
128,1,17,1,2,16,1,1,1,1,1,13690.0,2856.6994490623474
64,1,1,1,1,16,3,1,1,17,1,7510.0,2864.817368745804
128,1,1,17,32,16,1,1,1,17,1,4230.0,2872.9291377067566
1024,1,1,1,1,16,3,3,1,17,1,8770.0,2881.036584854126
256,1,1,1,8,16,3,1,1,17,1,4790.0,2889.1984901428223
128,1,17,1,32,16,3,3,1,17,1,18840.0,2897.3105142116547
64,1,1,1,8,16,3,3,1,1,1,6650.0,2905.4295706748962
128,1,17,1,8,16,1,1,1,17,1,13530.0,2913.59645986557
64,1,1,1,8,16,3,1,1,1,1,14020.0,2921.934886932373
256,1,17,1,64,16,1,1,1,1,1,16070.0,2930.046277999878
64,1,1,1,32,16,3,3,1,1,1,10450.0,2940.170017004013
256,1,17,1,64,16,3,3,1,17,1,17730.0,2948.352011680603
64,1,1,1,2,16,1,3,1,1,1,21850.0,2956.48605966568
64,1,1,1,64,16,3,3,1,1,1,1.7976931348623157e+308,2962.6154487133026
128,1,1,1,1,16,1,1,1,17,1,41570.0,2970.750145673752
256,1,17,1,64,16,1,1,1,17,1,21350.0,2978.935541152954
512,1,17,1,8,16,3,3,1,1,1,13730.0,2987.076009988785
256,1,17,1,1,16,1,3,1,17,1,22840.0,2995.212883710861
128,1,17,1,64,16,1,3,1,1,1,10000.0,3003.393332719803
512,1,17,1,16,16,3,3,1,1,1,12890.0,3011.6110644340515
512,1,1,1,8,16,1,3,1,1,1,17160.0,3019.7142939567566
512,1,17,1,32,16,1,1,1,1,1,20680.0,3027.8720755577087
512,1,17,1,8,16,3,1,1,1,1,11420.0,3035.9792907238007
512,1,17,1,16,16,1,3,1,1,1,9170.0,3044.105101108551
512,1,17,1,64,16,1,3,1,1,1,14410.0,3052.230090379715
128,1,1,17,2,16,3,1,1,17,1,7190.0,3060.395815372467
512,1,17,1,8,16,1,3,1,1,1,9390.0,3068.509647130966
512,1,17,1,64,16,3,3,1,1,1,17910.0,3076.644147872925
512,1,17,1,64,16,3,1,1,1,1,19730.0,3084.7802510261536
128,1,1,1,64,16,3,3,1,1,1,43070.0,3092.961170434952
64,1,1,1,1,16,1,3,1,1,1,35710.0,3101.0887439250946
1024,1,1,1,1,16,1,3,1,17,1,7330.0,3109.220719575882
256,1,17,1,1,16,3,3,1,1,1,12220.0,3117.34415435791
512,1,1,1,64,16,1,1,1,1,1,59960.0,3125.519594669342
512,1,1,1,1,16,3,3,1,17,1,6580.0,3133.6472647190094
512,1,1,17,2,16,1,3,1,1,1,26840.0,3141.7679677009583
512,1,1,1,8,16,3,1,1,17,1,4750.0,3149.9296979904175
512,1,1,1,32,16,3,3,1,17,1,3980.0,3158.0477001667023
1024,1,1,1,1,16,1,1,1,17,1,34230.0,3166.1520025730133
512,1,1,1,64,16,3,1,1,17,1,5480.0,3174.27308678627
512,1,1,17,32,16,3,1,1,17,1,5330.0,3182.447251558304
512,1,1,17,32,16,3,3,1,17,1,3180.0,3190.579144716263
512,1,1,1,16,16,3,1,1,17,1,3590.0,3198.7329041957855
128,1,1,17,64,16,1,3,1,17,1,2800.0,3206.852109193802
512,1,1,1,8,16,3,3,1,17,1,2530.0,3215.076295375824
512,1,1,17,8,16,3,3,1,17,1,3750.0,3223.201781988144
128,1,1,17,16,16,1,1,1,17,1,6000.0,3231.3802483081818
512,1,1,17,64,16,3,1,1,17,1,4540.0,3239.5564880371094
512,1,1,17,2,16,3,1,1,17,1,14090.0,3247.678302526474
512,1,1,17,16,16,3,3,1,17,1,3350.0,3255.805623292923
512,1,1,1,32,16,1,1,1,17,1,5100.0,3263.9381325244904
128,1,1,17,2,16,1,1,1,17,1,19820.0,3272.1188447475433
512,1,1,1,2,16,1,3,1,17,1,5040.0,3280.240202665329
512,1,1,1,16,16,3,3,1,17,1,2450.0,3288.3662598133087
512,1,1,17,1,16,3,3,1,17,1,9410.0,3296.4960491657257
512,1,1,1,16,16,1,3,1,17,1,2880.0,3304.675908088684
512,1,1,1,64,16,3,3,1,17,1,6260.0,3312.8101148605347
128,1,1,17,64,16,1,1,1,17,1,3920.0,3320.950983285904
512,1,1,1,2,16,3,3,1,17,1,4090.0,3329.1260435581207
256,1,1,17,64,16,1,3,1,1,1,11820.0,3337.271324634552
128,1,1,17,8,16,1,1,1,17,1,9850.0,3345.391523838043
512,1,1,17,2,16,3,3,1,17,1,9880.0,3353.517003774643
512,1,1,17,64,16,3,3,1,17,1,4480.0,3361.6863996982574
512,1,1,1,64,16,1,1,1,17,1,6450.0,3369.807277202606
256,1,1,17,8,16,1,1,1,1,1,22440.0,3377.936274290085
512,1,17,1,2,16,1,3,1,17,1,26770.0,3386.0738005638123
512,1,1,1,8,16,1,3,1,17,1,2350.0,3394.26433300972
512,1,1,1,64,16,1,3,1,17,1,9730.0,3402.3904292583466
128,1,17,17,1,16,3,3,1,17,1,38170.0,3410.5180706977844
512,1,1,1,8,16,1,1,1,17,1,4960.0,3418.6492671966553
256,1,1,17,8,16,1,1,1,17,1,7170.0,3426.8353221416473
512,1,1,17,8,16,1,1,1,17,1,11210.0,3434.9612505435944
512,1,1,17,16,16,1,3,1,1,1,12660.0,3445.113734483719
64,1,1,17,1,16,3,3,1,17,1,21240.0,3453.4902906417847
512,1,1,1,2,16,1,1,1,17,1,20320.0,3461.686860561371
256,1,1,17,8,16,3,1,1,17,1,7640.0,3469.814650297165
512,1,17,1,32,16,1,3,1,1,1,14390.0,3477.9482839107513
512,1,1,1,16,16,1,1,1,17,1,6210.0,3486.0876874923706
512,1,1,17,16,16,1,1,1,17,1,12190.0,3494.2849550247192
512,1,1,17,32,16,1,3,1,17,1,4300.0,3502.420025587082
512,1,1,1,16,16,1,3,1,1,1,14340.0,3510.5532791614532
128,1,1,1,8,16,3,1,1,1,1,14210.0,3518.6900782585144
512,1,1,17,64,16,1,1,1,17,1,9220.0,3526.884063720703
512,1,1,17,8,16,3,1,1,17,1,10480.0,3535.0116379261017
512,1,1,1,8,16,1,1,1,1,1,18770.0,3543.157289981842
512,1,1,17,64,16,1,3,1,17,1,5460.0,3551.3653061389923
256,1,1,17,2,16,3,3,1,17,1,7540.0,3559.5071156024933
512,1,1,1,32,16,1,3,1,1,1,18510.0,3567.971685886383
512,1,1,1,2,16,1,3,1,1,1,18330.0,3576.371577501297
512,1,1,17,16,16,1,3,1,17,1,5550.0,3584.5752415657043
128,1,17,17,8,16,1,3,1,1,1,12230.0,3592.716850757599
256,1,1,1,2,16,1,3,1,17,1,3930.0,3600.8662395477295
256,1,17,1,8,16,1,1,1,17,1,18210.0,3609.2632195949554
512,1,1,17,8,16,1,1,1,1,1,25010.0,3617.705955028534
512,1,17,1,64,16,3,1,1,17,1,21080.0,3626.2309198379517
128,1,17,17,8,16,3,1,1,1,1,44560.0,3634.5514752864838
128,1,17,17,8,16,1,3,1,17,1,25000.0,3642.751978158951
512,1,17,1,8,16,1,1,1,17,1,27220.0,3650.973816394806
256,1,1,17,8,16,1,3,1,1,1,8660.0,3659.1137397289276
512,1,17,1,32,16,1,3,1,17,1,19020.0,3667.293591737747
512,1,1,17,2,16,1,3,1,17,1,13440.0,3675.4799110889435
256,1,17,1,64,16,3,1,1,17,1,19070.0,3683.9445819854736
64,1,1,17,32,16,3,1,1,17,1,13970.0,3692.0732278823853
64,1,1,1,16,16,1,1,1,17,1,2960.0,3700.2066836357117
64,1,1,1,16,16,3,1,1,17,1,1890.0,3708.3312363624573
64,1,1,1,64,16,3,3,1,17,1,1.7976931348623157e+308,3714.5243752002716
512,1,1,17,8,16,1,3,1,17,1,7280.0,3722.662125110626
256,1,1,17,32,16,3,1,1,17,1,4010.0,3730.7941393852234
256,1,1,1,8,16,1,3,1,1,1,16340.0,3738.9306812286377
64,1,1,17,64,16,1,1,1,17,1,33470.0,3747.336923599243
64,1,1,1,8,16,1,1,1,17,1,3560.0,3755.48055934906
512,1,1,17,2,16,1,1,1,17,1,32460.0,3765.6143226623535
64,1,1,1,16,16,1,3,1,17,1,4310.0,3773.750950574875
64,1,1,1,32,16,1,3,1,17,1,8610.0,3781.9511201381683
64,1,1,1,32,16,1,1,1,17,1,3340.0,3790.096388578415
512,1,1,17,32,16,1,1,1,17,1,9020.0,3798.232632637024
64,1,1,1,2,16,3,1,1,17,1,4780.0,3806.370733976364
64,1,1,1,2,16,1,1,1,1,1,31970.0,3814.5760400295258
1024,1,1,1,16,16,3,1,1,17,1,6880.0,3822.7202072143555
64,1,1,1,8,16,1,3,1,17,1,3080.0,3830.862960577011
1024,1,1,1,32,16,3,3,1,17,1,3920.0,3839.007031917572
64,1,1,1,32,16,3,1,1,17,1,2170.0,3847.218249320984
1024,1,1,1,32,16,3,1,1,17,1,7160.0,3855.4507122039795
64,1,1,1,8,16,3,1,1,17,1,1900.0,3863.724346637726
64,1,1,1,2,16,1,3,1,17,1,8960.0,3871.8718569278717
64,1,1,17,16,16,3,1,1,17,1,14740.0,3880.0862839221954
1024,1,1,1,16,16,3,3,1,17,1,4550.0,3888.231472969055
1024,1,1,1,8,16,3,1,1,17,1,4740.0,3896.3892216682434
1024,1,1,1,2,16,3,3,1,17,1,4310.0,3904.6120150089264
1024,1,1,1,32,16,1,1,1,17,1,8160.0,3912.7683398723602
256,1,1,17,64,16,3,1,1,17,1,3050.0,3920.91730427742
1024,1,1,1,8,16,3,3,1,17,1,4340.0,3929.0733296871185
1024,1,1,1,16,16,1,3,1,17,1,3790.0,3937.2930760383606
1024,1,1,1,2,16,3,1,1,17,1,24450.0,3945.4430663585663
1024,1,1,1,2,16,3,3,1,1,1,23770.0,3953.71977686882
1024,1,17,1,8,16,3,3,1,1,1,26040.0,3961.877361059189
64,1,1,1,2,16,3,3,1,17,1,4070.0,3970.0882284641266
64,1,1,17,16,16,3,1,1,1,1,10920.0,3978.2372159957886
64,1,1,1,16,16,3,3,1,17,1,2770.0,3986.4050006866455
64,1,1,17,8,16,3,1,1,17,1,12900.0,3994.6353149414062
64,1,1,1,32,16,3,3,1,17,1,4470.0,4002.7973670959473
64,1,1,17,2,16,3,3,1,17,1,13100.0,4010.961334466934
64,1,1,1,8,16,3,3,1,17,1,1560.0,4019.1200819015503
64,1,1,1,16,16,3,1,1,1,1,11910.0,4027.3402631282806
1024,1,1,1,32,16,1,3,1,17,1,6030.0,4035.492256164551
64,1,1,17,8,16,3,3,1,17,1,12660.0,4043.6408021450043
1024,1,1,17,16,16,3,1,1,17,1,10650.0,4051.7911784648895
64,1,1,1,32,16,1,3,1,1,1,6890.0,4059.999751329422
64,1,1,17,32,16,3,3,1,17,1,13270.0,4068.1537041664124
1024,1,1,1,2,16,1,3,1,17,1,4910.0,4076.2976167201996
1024,1,1,1,64,16,1,3,1,17,1,14350.0,4084.4602797031403
1024,1,1,1,8,16,1,3,1,17,1,3060.0,4092.6250007152557
1024,1,17,1,8,16,1,3,1,1,1,17920.0,4100.851478815079
64,1,1,1,2,16,1,1,1,17,1,9850.0,4109.021362781525
128,1,17,1,64,16,3,3,1,1,1,14650.0,4117.189092159271
1024,1,1,1,64,16,1,1,1,17,1,11310.0,4125.355045795441
1024,1,17,1,16,16,3,3,1,17,1,45860.0,4133.598388195038
64,1,1,17,2,16,1,3,1,17,1,38450.0,4141.827672481537
64,1,1,1,16,16,1,3,1,1,1,7130.0,4149.9861216545105
256,1,1,17,16,16,1,3,1,1,1,8300.0,4158.149364233017
64,1,1,1,8,16,1,1,1,1,1,15230.0,4166.313367128372
1024,1,1,1,64,16,3,1,1,17,1,14030.0,4174.47952580452
1024,1,1,1,64,16,3,3,1,17,1,7200.0,4182.705768585205
1024,1,1,1,8,16,1,1,1,17,1,5610.0,4190.870272397995
64,1,1,17,8,16,3,3,1,1,1,10680.0,4199.0313103199005
64,1,1,17,16,16,3,3,1,17,1,14080.0,4207.1961216926575
64,1,1,17,16,16,1,3,1,17,1,31730.0,4215.526476860046
1024,1,17,1,16,16,1,3,1,1,1,17430.0,4223.686299085617
64,1,1,17,32,16,1,3,1,17,1,31670.0,4231.8633685112
1024,1,1,1,8,16,1,3,1,1,1,25370.0,4240.084656715393
1024,1,1,1,16,16,1,1,1,17,1,5830.0,4248.245325803757
64,1,1,1,16,16,3,3,1,1,1,7540.0,4256.422065496445
64,1,1,17,32,16,3,3,1,1,1,20310.0,4264.5949783325195
1024,1,1,17,16,16,3,3,1,17,1,5000.0,4272.763123989105
64,1,1,17,2,16,3,3,1,1,1,31890.0,4280.996360778809
1024,1,1,1,2,16,1,1,1,17,1,21780.0,4289.163247585297
32,1,1,1,16,16,3,3,1,17,1,1.7976931348623157e+308,4295.3354115486145
512,1,1,17,16,16,3,1,1,17,1,7460.0,4303.502307653427
512,1,17,1,16,16,3,1,1,1,1,16190.0,4311.670244693756
1024,1,1,1,16,16,1,3,1,1,1,25390.0,4319.91726231575
64,1,1,17,16,16,3,3,1,1,1,11120.0,4328.098133087158
512,1,17,1,16,16,3,3,1,17,1,14930.0,4336.26368522644
1024,1,1,17,2,16,3,1,1,17,1,21180.0,4344.430546283722
1024,1,1,1,8,16,3,3,1,1,1,29530.0,4352.617269277573
256,1,1,1,16,16,3,1,1,17,1,3400.0,4360.857266664505
256,1,1,1,16,16,3,3,1,1,1,12380.0,4369.034269094467
64,1,1,1,2,16,3,3,1,1,1,16990.0,4377.219287395477
256,1,1,17,16,16,3,1,1,17,1,5210.0,4385.43507027626
1024,1,1,17,32,16,3,1,1,17,1,8430.0,4393.620228290558
1024,1,1,17,32,16,3,3,1,17,1,4680.0,4401.852580785751
1024,1,1,17,32,16,1,1,1,17,1,15230.0,4412.065336465836
512,1,17,1,16,16,1,3,1,17,1,16240.0,4420.24028468132
128,1,17,1,16,16,3,1,1,1,1,9050.0,4428.418181657791
1024,1,1,17,8,16,3,1,1,17,1,14470.0,4436.599858760834
1024,1,1,17,32,16,3,1,1,1,1,27000.0,4444.831525087357
128,1,17,17,32,16,1,3,1,1,1,11160.0,4453.0092034339905
1024,1,1,17,16,16,1,1,1,17,1,18500.0,4461.179595708847
256,1,1,1,64,16,1,3,1,1,1,25370.0,4469.36322593689
1024,1,1,17,64,16,3,1,1,17,1,7610.0,4477.542927503586
1024,1,1,17,64,16,1,1,1,17,1,16280.0,4485.782084941864
512,1,17,1,8,16,1,3,1,17,1,19190.0,4493.957105398178
64,1,1,1,8,16,1,3,1,1,1,10570.0,4502.146312236786
128,1,17,1,16,16,3,3,1,1,1,8060.0,4510.332448005676
1024,1,1,17,2,16,3,3,1,17,1,17190.0,4518.571615219116
128,1,17,17,64,16,1,3,1,1,1,9830.0,4526.754849910736
1024,1,1,17,8,16,3,3,1,17,1,6000.0,4534.941006183624
1024,1,17,1,16,16,3,3,1,1,1,24880.0,4543.136225700378
512,1,1,17,64,16,1,3,1,1,1,17490.0,4551.367394208908
1024,1,1,17,16,16,1,3,1,17,1,9610.0,4559.542769908905
1024,1,1,17,64,16,3,3,1,17,1,6580.0,4567.739224910736
1024,1,1,17,8,16,1,1,1,17,1,15270.0,4575.985249996185
1024,1,17,1,64,16,1,3,1,1,1,20950.0,4584.175019979477
512,1,1,1,16,16,3,3,1,1,1,15700.0,4592.361213207245
512,1,17,1,16,16,1,1,1,17,1,33380.0,4600.5410578250885
1024,1,1,1,16,16,3,3,1,1,1,30770.0,4608.796153306961
1024,1,1,17,32,16,1,3,1,17,1,6850.0,4616.982571363449
1024,1,1,17,8,16,1,3,1,17,1,9210.0,4625.169158220291
1024,1,1,17,2,16,1,3,1,17,1,17930.0,4633.348027706146
1024,1,1,17,2,16,1,3,1,1,1,33110.0,4641.590460062027
1024,1,1,17,32,16,1,3,1,1,1,24720.0,4649.779037952423
512,1,17,1,64,16,3,3,1,17,1,34100.0,4657.972257852554
128,1,17,1,64,16,3,1,1,17,1,18530.0,4666.229787349701
64,1,1,17,8,16,1,3,1,17,1,32260.0,4674.419237613678
128,1,17,17,64,16,3,3,1,17,1,22260.0,4682.606154918671
256,1,17,1,64,16,3,1,1,1,1,15710.0,4690.795296907425
1024,1,1,17,1,16,3,3,1,1,1,34300.0,4698.990233421326
128,1,17,1,64,16,3,1,1,1,1,14520.0,4707.175906419754
64,1,17,1,16,16,1,3,1,1,1,4400.0,4715.358279705048
64,1,1,17,2,16,3,1,1,17,1,13110.0,4723.553140163422
1024,1,1,17,64,16,1,3,1,17,1,8870.0,4731.745008468628
64,1,17,1,16,16,3,1,1,1,1,4980.0,4739.93128657341
64,1,17,1,8,16,1,1,1,1,1,6230.0,4748.12707901001
64,1,17,1,8,16,3,1,1,1,1,6540.0,4756.316318511963
1024,1,17,1,64,16,1,3,1,17,1,33580.0,4764.49825835228
64,1,17,1,2,16,3,1,1,17,1,1.7976931348623157e+308,4890.684882879257
128,1,17,1,2,16,3,1,1,17,1,72040.0,4899.047205448151
64,1,17,1,16,16,1,1,1,1,1,4220.0,4907.2471334934235
256,1,17,1,2,16,1,1,1,17,1,104390.0,4915.811494588852
64,1,17,1,1,16,1,1,1,1,1,56550.0,4924.074197769165
64,1,17,1,32,16,3,1,1,1,1,6060.0,4932.268315315247
64,1,17,1,16,16,3,3,1,1,1,5650.0,4940.464286565781
64,1,17,1,32,16,1,3,1,1,1,9440.0,4948.766658306122
64,1,17,1,8,16,1,3,1,1,1,5910.0,4956.954186439514
64,1,17,1,2,16,1,3,1,1,1,29320.0,4965.147230148315
256,1,1,17,1,16,3,3,1,17,1,6290.0,4973.401673555374
1024,1,1,1,8,16,1,1,1,1,1,26350.0,4981.685665845871
64,1,17,17,16,16,3,3,1,1,1,61760.0,4989.897255659103
128,1,17,17,64,16,3,3,1,1,1,10790.0,4998.108994722366
1024,1,1,1,16,16,1,1,1,1,1,40750.0,5006.308285951614
64,1,1,17,2,16,3,1,1,1,1,31150.0,5014.508013725281
256,1,1,1,64,16,3,3,1,1,1,36700.0,5022.71281170845
256,1,17,1,2,16,3,3,1,1,1,6870.0,5030.921453237534
1024,1,1,17,1,16,1,3,1,17,1,40300.0,5039.127427577972
64,1,17,1,32,16,3,3,1,1,1,8610.0,5047.456372261047
512,1,17,1,2,16,3,3,1,1,1,10260.0,5055.677530050278
64,1,1,1,16,16,1,1,1,1,1,13200.0,5063.890411615372
512,1,17,1,2,16,3,1,1,1,1,23830.0,5072.091235637665
64,1,1,1,2,16,3,1,1,1,1,25520.0,5080.298957109451
64,1,17,1,2,16,3,3,1,1,1,29150.0,5088.499840736389
1024,1,17,1,32,16,1,1,1,1,1,29330.0,5096.700135469437
256,1,17,1,1,16,1,3,1,1,1,10720.0,5104.898303985596
64,1,17,1,8,16,3,3,1,1,1,6250.0,5113.093190431595
512,1,17,1,2,16,1,3,1,1,1,9230.0,5121.294338226318
1024,1,17,1,64,16,3,3,1,1,1,24850.0,5129.497737646103
512,1,17,1,64,16,1,1,1,17,1,25160.0,5137.700276374817
1024,1,1,17,16,16,1,3,1,1,1,24400.0,5145.897782087326
512,1,1,1,2,16,3,1,1,17,1,23380.0,5154.119078159332
64,1,17,1,1,16,3,1,1,1,1,56460.0,5162.316995859146
128,1,17,1,1,16,1,3,1,1,1,10640.0,5170.525220870972
512,1,17,1,64,16,1,3,1,17,1,21760.0,5178.733535766602
512,1,17,1,1,16,1,3,1,1,1,14890.0,5186.944983959198
128,1,1,17,16,16,1,3,1,1,1,5780.0,5195.1880395412445
128,1,17,1,2,16,1,3,1,1,1,6020.0,5203.396317481995
1024,1,1,17,32,16,3,3,1,1,1,21020.0,5211.610852956772
512,1,17,1,32,16,3,1,1,17,1,20800.0,5219.812649011612
1024,1,1,17,64,16,1,3,1,1,1,28340.0,5228.018825769424
512,1,17,1,2,16,3,3,1,17,1,17020.0,5236.234223365784
128,1,17,1,2,16,1,3,1,17,1,12110.0,5244.434815168381
1024,1,1,17,16,16,3,3,1,1,1,20930.0,5252.625472784042
128,1,17,1,1,16,1,3,1,17,1,16780.0,5260.841272115707
1024,1,17,1,2,16,1,3,1,1,1,16410.0,5269.036331176758
64,1,17,1,1,16,3,3,1,1,1,57480.0,5277.251014947891
64,1,17,1,32,16,1,3,1,17,1,32370.0,5285.449906587601
64,1,17,1,8,16,1,3,1,17,1,32400.0,5293.658344745636
64,1,17,1,16,16,1,3,1,17,1,31680.0,5301.873584985733
64,1,17,1,32,16,1,1,1,17,1,33480.0,5310.087810516357
256,1,17,1,1,16,3,3,1,17,1,23520.0,5318.302887201309
1024,1,1,1,2,16,1,3,1,1,1,26970.0,5326.5171484947205
1024,1,17,17,64,16,3,3,1,1,1,20510.0,5334.72514462471
1024,1,1,17,64,16,3,3,1,1,1,29470.0,5342.934531927109
1024,1,1,17,2,16,1,1,1,17,1,46740.0,5351.148265838623
64,1,17,1,8,16,1,1,1,17,1,34280.0,5359.360416650772
512,1,1,1,32,16,3,1,1,17,1,3690.0,5366.109416723251
512,1,17,17,8,16,1,3,1,1,1,16350.0,5374.333788633347
64,1,1,17,2,16,1,1,1,17,1,35450.0,5382.552813529968
128,1,17,1,2,16,3,1,1,1,1,19080.0,5390.77870965004
512,1,1,1,1,16,1,3,1,1,1,23480.0,5398.9921543598175
256,1,17,17,32,16,1,3,1,1,1,13020.0,5407.239127397537
256,1,17,17,2,16,1,3,1,1,1,47570.0,5415.458354234695
2,1,1,1,32,16,1,1,1,17,1,inf,5419.128302812576
64,1,17,1,2,16,3,1,1,1,1,29500.0,5427.896970510483
1024,1,1,17,1,16,1,1,1,17,1,91820.0,5436.183042049408
512,1,17,1,32,16,1,1,1,17,1,25370.0,5444.4031937122345
256,1,17,1,32,16,1,1,1,1,1,16260.0,5452.610269784927
64,1,1,17,32,16,1,1,1,17,1,32490.0,5460.8281853199005
256,1,1,1,32,16,1,1,1,1,1,21350.0,5469.058327436447
1024,1,1,17,8,16,3,3,1,1,1,21880.0,5477.281313896179
1024,1,1,1,32,16,1,3,1,1,1,35550.0,5485.511292695999
128,1,1,17,512,16,3,3,1,17,1,1.7976931348623157e+308,5490.186781406403
128,1,1,17,64,16,1,1,1,1,1,14570.0,5498.41926574707
128,1,17,17,16,16,3,3,1,1,1,13990.0,5506.642194271088
128,1,17,17,32,16,3,3,1,1,1,9580.0,5514.862911224365
128,1,1,17,16,16,3,3,1,1,1,5100.0,5523.083153486252
128,1,17,17,32,16,1,1,1,1,1,23860.0,5531.306113958359
128,1,17,17,2,16,3,3,1,17,1,64570.0,5539.530678272247
128,1,17,1,32,16,1,1,1,1,1,15330.0,5547.766760587692
128,1,1,17,8,16,3,3,1,1,1,5220.0,5555.9930782318115
128,1,1,17,64,16,3,1,1,1,1,16320.0,5564.219405174255
64,1,17,1,16,16,1,1,1,17,1,33280.0,5572.44833445549
128,1,1,1,16,16,1,3,1,1,1,14380.0,5580.671103954315
64,1,1,1,32,16,1,1,1,1,1,31020.0,5588.891666650772
128,1,1,17,32,16,3,3,1,1,1,8530.0,5597.124353647232
128,1,17,17,16,16,1,3,1,17,1,24270.0,5605.354262113571
128,1,1,17,1,16,3,3,1,1,1,21250.0,5613.58524107933
1024,1,17,1,2,16,3,3,1,17,1,33600.0,5621.820370674133
128,1,1,17,64,16,3,3,1,1,1,15650.0,5630.057235002518
128,1,1,17,64,16,1,3,1,1,1,9640.0,5638.307264089584
128,1,17,17,1,16,1,3,1,1,1,55970.0,5646.544077157974
128,1,17,17,4,16,3,3,1,1,1,24660.0,5654.787291049957
128,1,1,1,32,16,1,1,1,1,1,29930.0,5663.027113437653
128,1,1,17,32,16,1,3,1,1,1,8310.0,5671.257261276245
512,1,1,1,32,16,1,1,1,1,1,30370.0,5679.502249956131
64,1,17,17,8,16,3,3,1,17,1,1.7976931348623157e+308,5805.749263763428
128,1,17,17,2,16,3,3,1,1,1,17080.0,5813.998308181763
128,1,1,17,2,16,1,3,1,1,1,21980.0,5822.244302749634
128,1,17,17,16,16,3,3,1,17,1,15490.0,5830.501606225967
128,1,17,1,32,16,1,1,1,17,1,20080.0,5838.753254175186
1024,1,1,17,64,16,3,1,1,1,1,29510.0,5847.005918502808
256,1,17,1,32,16,1,1,1,17,1,21380.0,5855.252237081528
64,1,17,17,8,16,3,1,1,1,1,88060.0,5863.844660520554
1024,1,17,1,8,16,1,1,1,1,1,14390.0,5872.095338821411
1024,1,1,1,1,16,1,3,1,1,1,33010.0,5880.349211215973
64,1,17,1,2,16,1,1,1,1,1,28680.0,5888.6004066467285
256,1,17,17,64,16,3,3,1,1,1,10710.0,5896.856308937073
512,1,17,17,32,16,1,3,1,1,1,14860.0,5905.107417106628
1024,1,1,1,32,16,1,1,1,1,1,54860.0,5913.357611179352
512,1,17,17,64,16,1,3,1,1,1,14520.0,5921.5983510017395
512,1,1,1,8,16,3,3,1,1,1,16940.0,5929.860238075256
64,1,1,17,1,16,3,3,1,1,1,58810.0,5938.120605707169
128,1,1,1,8,16,1,1,1,1,1,16190.0,5946.37683224678
128,1,17,17,32,16,3,3,1,17,1,22300.0,5954.639235019684
512,1,17,17,8,16,3,3,1,17,1,33260.0,5962.899067401886
512,1,17,17,32,16,1,3,1,17,1,35000.0,5971.15728020668
1024,1,1,1,64,16,3,1,1,1,1,108530.0,5979.402378559113
1024,1,17,17,32,16,3,3,1,17,1,37310.0,5987.651239395142
256,1,17,17,64,16,3,3,1,17,1,23180.0,5995.907277345657
512,1,1,1,64,16,1,3,1,1,1,41160.0,6004.167027235031
1024,1,17,1,8,16,1,1,1,17,1,48050.0,6012.533076763153
1024,1,17,1,1,16,1,3,1,1,1,25690.0,6020.7790269851685
128,1,1,1,16,16,3,1,1,1,1,22250.0,6029.100922346115
64,1,1,17,1,16,3,1,1,17,1,19980.0,6037.342994451523
256,1,17,17,32,16,3,3,1,17,1,23130.0,6045.587032079697
512,1,17,17,8,16,1,3,1,17,1,55200.0,6053.8319876194
512,1,17,1,1,16,3,1,1,1,1,51420.0,6062.082064151764
64,1,17,1,2,16,1,3,1,17,1,39610.0,6070.332337856293
128,1,17,17,1,16,3,3,1,1,1,31220.0,6078.601863384247
64,1,17,1,1,16,1,3,1,17,1,65430.0,6086.94607591629
1024,1,1,17,2,16,3,3,1,1,1,25540.0,6095.200068950653
256,1,1,1,256,16,3,3,1,17,1,1.7976931348623157e+308,6099.946430444717
4,1,17,1,2,16,1,3,1,1,1,1.7976931348623157e+308,6106.209140062332
256,1,17,1,8,16,3,1,1,17,1,18070.0,6114.470459699631
256,1,17,1,16,16,1,3,1,17,1,12390.0,6122.82514166832
256,1,17,1,16,16,1,3,1,1,1,6540.0,6131.107853412628
256,1,17,1,2,16,3,1,1,1,1,17070.0,6139.381828784943
64,1,17,1,64,16,1,3,1,1,1,15770.0,6149.664268016815
256,1,17,1,16,16,3,3,1,17,1,12630.0,6157.94327044487
1024,1,17,1,2,16,3,3,1,1,1,17660.0,6166.298704624176
256,1,1,1,2,16,3,3,1,1,1,12120.0,6174.584502220154
512,1,17,1,2,16,1,1,1,1,1,20740.0,6182.871426582336
256,1,17,1,2,16,1,3,1,1,1,5980.0,6191.158130168915
512,1,17,1,2,16,1,1,1,17,1,150990.0,6201.444107294083
256,1,17,1,8,16,3,3,1,17,1,15730.0,6209.799265861511
256,1,1,1,16,16,3,1,1,1,1,18700.0,6218.090255498886
1024,1,17,1,2,16,3,1,1,1,1,39900.0,6226.37606048584
64,1,17,1,32,16,1,1,1,1,1,4390.0,6234.658242225647
1024,1,17,17,2,16,1,3,1,1,1,117630.0,6242.936073303223
256,1,17,1,32,16,3,3,1,17,1,17790.0,6251.298138856888
256,1,1,1,8,16,1,1,1,1,1,15580.0,6259.5844621658325
64,1,1,17,8,16,1,1,1,17,1,32010.0,6267.8762929439545
256,1,17,1,32,16,1,3,1,17,1,15530.0,6276.157112598419
128,1,1,17,8,16,1,1,1,1,1,18910.0,6284.4411470890045
256,1,1,1,1,16,3,3,1,1,1,15280.0,6292.8020923137665
256,1,17,17,1,16,3,3,1,17,1,62730.0,6301.092355728149
64,1,1,17,8,16,3,1,1,1,1,9750.0,6309.382211446762
256,1,17,1,32,16,1,3,1,1,1,11280.0,6317.672234296799
256,1,1,1,32,16,1,3,1,1,1,11910.0,6325.9481456279755
256,1,17,1,2,16,3,3,1,17,1,12640.0,6334.3086721897125
128,1,17,17,2,16,1,3,1,1,1,30140.0,6342.6057732105255
256,1,1,1,64,16,3,1,1,1,1,40030.0,6350.890332460403
256,1,17,1,16,16,3,1,1,17,1,14680.0,6359.1907351017
64,1,17,1,64,16,1,1,1,1,1,5350.0,6367.4972603321075
128,1,17,1,64,16,1,3,1,17,1,14870.0,6375.863486289978
256,1,17,1,2,16,1,3,1,17,1,17000.0,6384.151988267899
64,1,1,17,8,16,1,3,1,1,1,9620.0,6392.441077947617
256,1,1,17,1,16,3,1,1,17,1,18050.0,6400.724299669266
512,1,1,1,2,16,3,3,1,1,1,15840.0,6409.014438390732
1024,1,1,1,64,16,1,3,1,1,1,81660.0,6417.379322528839
128,1,1,1,1,16,3,3,1,1,1,19870.0,6425.664233207703
1024,1,17,1,2,16,1,1,1,1,1,37050.0,6435.965271949768
512,1,1,1,1,16,1,1,1,17,1,36220.0,6444.257085800171
512,1,1,1,32,16,3,3,1,1,1,31600.0,6452.552077531815
256,1,17,17,64,16,1,3,1,1,1,10990.0,6460.942338705063
512,1,17,17,64,16,1,3,1,17,1,35020.0,6469.240849733353
256,1,17,17,64,16,1,1,1,1,1,23940.0,6477.611236333847
64,1,1,1,64,16,1,1,1,17,1,3290.0,6485.903157949448
64,1,17,1,64,16,3,3,1,1,1,23780.0,6496.205221652985
64,1,1,17,64,16,1,1,1,1,1,11160.0,6504.503804445267
1024,1,17,1,2,16,1,3,1,17,1,46390.0,6512.790746450424
128,1,17,17,1,16,1,3,1,17,1,92910.0,6521.241108417511
512,1,17,1,16,16,3,1,1,17,1,21070.0,6529.539533853531
64,1,17,17,64,16,1,3,1,1,1,72070.0,6537.8362374305725
256,1,1,1,1,16,1,3,1,1,1,18110.0,6546.120582103729
256,1,1,17,2,16,3,3,1,1,1,16370.0,6554.405261516571
64,1,17,1,64,16,3,1,1,1,1,9510.0,6562.689497947693
64,1,17,17,64,16,1,1,1,17,1,520540.0,6576.961107492447
512,1,17,1,1,16,1,1,1,1,1,39100.0,6585.2562255859375
64,1,1,1,64,16,1,1,1,1,1,9010.0,6593.552654027939
1024,1,1,1,1,16,3,1,1,17,1,41180.0,6601.856872797012
128,1,17,1,8,16,1,3,1,17,1,11990.0,6610.15393614769
256,1,1,1,8,16,3,3,1,1,1,14420.0,6618.466670751572
512,1,17,17,16,16,3,3,1,1,1,20690.0,6626.759241104126
128,1,1,1,16,16,1,1,1,1,1,28930.0,6635.06049990654
128,1,1,17,32,16,1,1,1,1,1,14800.0,6643.366357564926
64,1,1,17,8,16,1,1,1,1,1,17920.0,6651.660001039505
512,1,17,17,32,16,3,1,1,1,1,27530.0,6660.032934427261
1024,1,1,1,1,16,3,3,1,1,1,30780.0,6668.333871603012
256,1,1,17,64,16,3,3,1,1,1,17870.0,6676.630203962326
512,1,17,1,8,16,1,1,1,1,1,9760.0,6684.935006380081
512,1,1,1,8,16,3,1,1,1,1,16390.0,6693.257173299789
512,1,17,17,1,16,1,3,1,1,1,114470.0,6703.553870916367
512,1,17,17,16,16,1,3,1,1,1,11500.0,6710.484428405762
128,1,1,1,2,16,1,3,1,1,1,17350.0,6718.789209127426
128,1,1,17,2,16,1,1,1,1,1,42890.0,6727.084993600845
64,1,1,17,64,16,3,1,1,1,1,38920.0,6735.3838131427765
256,1,1,17,2,16,1,3,1,1,1,24970.0,6743.684326171875
64,1,1,1,64,16,3,1,1,1,1,9200.0,6751.980196237564
256,1,1,1,8,16,3,1,1,1,1,12870.0,6760.27806186676
1024,1,17,1,32,16,1,1,1,17,1,43040.0,6768.564206600189
512,1,1,17,16,16,3,3,1,1,1,10760.0,6776.851943254471
256,1,17,17,2,16,3,3,1,17,1,84490.0,6785.638447761536
512,1,1,1,2,16,1,1,1,1,1,32180.0,6793.948431968689
128,1,1,17,8,16,1,3,1,1,1,6550.0,6802.249363899231
512,1,17,17,16,16,1,1,1,1,1,20420.0,6810.53813123703
64,1,1,17,64,16,3,1,1,17,1,13520.0,6818.841929912567
512,1,1,17,64,16,3,3,1,1,1,20940.0,6827.141482591629
64,1,1,17,64,16,1,3,1,1,1,10220.0,6835.45542049408
64,1,1,1,64,16,1,3,1,1,1,6940.0,6843.825753927231
32,1,17,1,8,16,1,1,1,1,1,1.7976931348623157e+308,6848.616616487503
1024,1,1,17,1,16,3,1,1,1,1,47360.0,6856.922349452972
256,1,17,1,8,16,3,1,1,1,1,7560.0,6865.232273101807
64,1,17,1,64,16,1,3,1,17,1,39660.0,6873.833712816238
512,1,17,17,8,16,1,1,1,1,1,44450.0,6882.143532752991
128,1,17,17,8,16,1,1,1,1,1,39460.0,6890.5297639369965
128,1,1,17,32,16,3,1,1,1,1,13860.0,6898.833557367325
128,1,17,1,32,16,1,3,1,1,1,10430.0,6907.154555797577
64,1,1,1,64,16,1,3,1,17,1,15580.0,6917.585178136826
1024,1,1,17,8,16,1,1,1,1,1,45050.0,6925.897554397583
256,1,17,1,1,16,1,1,1,17,1,132870.0,6934.34583234787
512,1,1,1,64,16,3,1,1,1,1,55520.0,6942.667217493057
1024,1,1,17,1,16,1,3,1,1,1,52130.0,6950.9716465473175
128,1,17,1,64,16,1,1,1,17,1,19910.0,6959.28849196434
1024,1,1,17,1,16,3,1,1,17,1,42590.0,6967.5979063510895
64,1,1,1,128,16,1,1,1,17,1,1.7976931348623157e+308,6972.447522163391
8,1,17,1,16,16,3,1,1,1,1,1.7976931348623157e+308,6977.2631187438965
256,1,17,1,16,16,3,1,1,1,1,11710.0,6985.594638109207
512,1,17,17,16,16,3,1,1,1,1,21910.0,6993.922255277634
256,1,17,1,16,16,1,1,1,1,1,10590.0,7002.258823871613
64,1,1,17,64,16,1,3,1,17,1,31880.0,7010.579226255417
512,1,17,1,8,16,3,1,1,17,1,25400.0,7018.899285316467
512,1,17,1,16,16,1,1,1,1,1,14230.0,7027.21622467041
128,1,17,1,16,16,1,1,1,1,1,8810.0,7035.54016661644
1024,1,17,1,16,16,3,1,1,1,1,29660.0,7043.869153738022
1024,1,17,1,8,16,3,1,1,1,1,21160.0,7052.294096469879
1024,1,17,1,16,16,1,1,1,1,1,27310.0,7060.624737739563
1024,1,1,1,16,16,3,1,1,1,1,37090.0,7068.961829662323
1024,1,1,1,64,16,3,3,1,1,1,98730.0,7077.628583192825
128,1,17,1,512,16,1,1,1,1,1,29380.0,7085.959259986877
256,1,1,1,1,16,1,1,1,17,1,38260.0,7094.310279607773
64,1,1,17,64,16,3,3,1,17,1,13250.0,7102.654281139374
256,1,17,17,16,16,3,1,1,1,1,28890.0,7110.986681699753
1024,1,17,1,16,16,3,1,1,17,1,36690.0,7119.330035448074
128,1,17,1,8,16,3,1,1,17,1,14130.0,7127.673162698746
256,1,17,1,16,16,1,1,1,17,1,20060.0,7136.005028963089
1024,1,17,17,16,16,3,3,1,17,1,34550.0,7144.340210914612
1,1,1,1,16,16,1,3,1,17,1,inf,7148.154355764389
512,1,1,17,16,16,3,1,1,1,1,15320.0,7155.257120370865
64,1,1,1,64,16,3,1,1,17,1,2170.0,7163.685133218765
256,1,1,17,8,16,3,3,1,1,1,7430.0,7172.038701057434
256,1,17,1,8,16,3,3,1,1,1,7290.0,7180.4042892456055
128,1,17,1,2,16,1,1,1,17,1,79860.0,7188.764239549637
512,1,17,17,2,16,1,3,1,1,1,75390.0,7197.118012189865
64,1,1,17,64,16,3,3,1,1,1,36450.0,7205.642898321152
64,1,17,1,2,16,1,1,1,17,1,48220.0,7214.0105130672455
64,1,1,17,16,16,1,3,1,1,1,6150.0,7222.364770889282
256,1,17,17,1,16,1,3,1,1,1,91940.0,7231.118827581406
128,1,1,1,2,16,3,1,1,1,1,25890.0,7239.495559453964
256,1,1,1,16,16,1,3,1,1,1,12420.0,7247.8531448841095
128,1,1,17,16,16,3,1,1,1,1,8900.0,7256.198488235474
128,1,17,17,32,16,3,1,1,17,1,25200.0,7264.548411369324
64,1,17,1,64,16,1,1,1,17,1,35290.0,7273.1954872608185
1024,1,17,1,32,16,3,1,1,1,1,31690.0,7281.5366423130035
1024,1,17,17,8,16,3,3,1,17,1,45140.0,7289.898074865341
1024,1,17,17,16,16,3,1,1,1,1,34410.0,7298.253484725952
1024,1,17,17,8,16,1,1,1,1,1,62630.0,7306.607580661774
128,1,17,17,64,16,1,1,1,17,1,33470.0,7314.973136663437
64,1,17,1,1,16,1,1,1,17,1,76980.0,7323.329833984375
1024,1,17,17,64,16,3,1,1,17,1,48600.0,7331.686874389648
512,1,17,17,16,16,1,3,1,17,1,34460.0,7340.136605501175
1024,1,17,1,1,16,3,3,1,1,1,35720.0,7348.504177808762
256,1,17,17,64,16,1,3,1,17,1,27720.0,7356.873089313507
1024,1,17,17,16,16,1,3,1,1,1,21330.0,7365.237661361694
128,1,1,1,1,16,3,1,1,1,1,44870.0,7373.6077308654785
1024,1,17,1,64,16,3,1,1,1,1,28350.0,7381.972521781921
2,1,1,17,8,16,3,3,1,17,1,1.7976931348623157e+308,7386.873106002808
128,1,1,1,512,16,3,1,1,17,1,1.7976931348623157e+308,7391.657394647598
128,1,1,1,64,16,3,1,1,1,1,45260.0,7400.030392169952
128,1,17,1,8,16,3,3,1,17,1,13050.0,7408.406619787216
128,1,1,17,1,16,1,1,1,17,1,41000.0,7416.779231548309
512,1,17,17,64,16,1,1,1,17,1,50800.0,7425.245725870132
512,1,1,17,8,16,3,1,1,1,1,18260.0,7433.643533706665
4,1,1,1,32,16,1,3,1,17,1,1.7976931348623157e+308,7440.026521205902
512,1,1,17,8,16,3,3,1,1,1,11330.0,7448.419248580933
128,1,1,17,2,16,3,1,1,1,1,27080.0,7456.810340166092
256,1,17,17,8,16,1,1,1,17,1,47350.0,7465.196519136429
256,1,1,17,256,16,1,3,1,17,1,5730.0,7473.586134195328
256,1,1,17,256,16,3,1,1,17,1,4570.0,7481.974257946014
128,1,17,1,256,16,1,3,1,1,1,10640.0,7490.361380338669
256,1,17,1,256,16,3,3,1,1,1,30380.0,7498.689348697662
128,1,1,17,1,16,3,1,1,1,1,27770.0,7507.079206943512
256,1,17,1,256,16,3,1,1,1,1,33690.0,7515.473585367203
256,1,17,17,256,16,3,1,1,1,1,28920.0,7523.860270500183
256,1,17,17,256,16,1,3,1,1,1,14400.0,7532.337115049362
512,1,17,17,256,16,1,1,1,1,1,25560.0,7540.7402675151825
256,1,17,17,256,16,3,3,1,1,1,36720.0,7549.183285951614
128,1,17,17,256,16,1,3,1,1,1,15320.0,7557.588896989822
64,1,17,1,256,16,1,1,1,1,1,22750.0,7567.97741985321
128,1,17,17,256,16,1,3,1,17,1,32810.0,7576.380126953125
512,1,17,1,256,16,3,3,1,1,1,53930.0,7584.771094560623
128,1,17,1,256,16,1,1,1,1,1,15950.0,7593.162071228027
512,1,17,1,256,16,1,3,1,1,1,14790.0,7601.474029779434
64,1,17,1,256,16,1,3,1,1,1,44610.0,7627.959733724594
1024,1,17,1,256,16,1,3,1,1,1,25000.0,7636.271302700043
128,1,17,1,256,16,1,1,1,17,1,25610.0,7644.677043199539
128,1,17,1,256,16,3,1,1,17,1,1.7976931348623157e+308,7649.619987726212
64,1,17,1,256,16,3,1,1,1,1,1.7976931348623157e+308,7656.022328138351
256,1,17,1,256,16,1,1,1,1,1,16470.0,7664.525814771652
512,1,17,1,256,16,1,1,1,1,1,19820.0,7672.947856903076
128,1,17,17,256,16,1,1,1,1,1,21310.0,7681.354113578796
256,1,17,1,256,16,1,3,1,1,1,11760.0,7689.776220560074
1024,1,17,17,256,16,1,1,1,1,1,36420.0,7698.167208194733
256,1,1,17,256,16,1,1,1,1,1,41340.0,7706.58185839653
1024,1,17,1,256,16,3,1,1,1,1,54220.0,7714.972087860107
1024,1,1,1,256,16,1,3,1,1,1,1.7976931348623157e+308,7721.3625564575195
512,1,17,17,256,16,1,3,1,1,1,14080.0,7729.671580791473
128,1,17,1,32,16,3,1,1,17,1,18660.0,7738.146927595139
128,1,17,17,256,16,3,3,1,1,1,1.7976931348623157e+308,7742.994521617889
128,1,17,17,256,16,1,1,1,17,1,36020.0,7751.387242555618
256,1,17,17,256,16,1,3,1,17,1,33440.0,7759.788396835327
128,1,17,17,16,16,3,1,1,1,1,27440.0,7768.17582321167
256,1,17,17,256,16,1,1,1,17,1,34840.0,7776.6522216796875
512,1,17,17,256,16,1,3,1,17,1,36870.0,7785.046465873718
64,1,17,17,256,16,1,1,1,1,1,231680.0,7795.450304269791
1024,1,17,1,256,16,1,3,1,17,1,36890.0,7803.860921859741
128,1,17,1,16,16,1,1,1,17,1,15150.0,7812.328259944916
1024,1,17,1,256,16,1,1,1,1,1,28650.0,7820.727138996124
256,1,17,1,256,16,3,3,1,17,1,27160.0,7829.13125872612
512,1,17,1,256,16,1,1,1,17,1,39540.0,7837.53370475769
1024,1,17,17,256,16,1,3,1,1,1,21820.0,7845.940070152283
256,1,17,1,256,16,1,3,1,17,1,19970.0,7854.352243185043
512,1,17,1,256,16,1,3,1,17,1,20780.0,7862.752284526825
256,1,17,1,256,16,1,1,1,17,1,32160.0,7871.194287538528
64,1,17,1,256,16,1,3,1,17,1,227260.0,7895.8410131931305
256,1,17,1,256,16,3,1,1,17,1,34960.0,7904.252487659454
16,1,17,1,256,16,1,1,1,1,1,1.7976931348623157e+308,7909.101272106171
1024,1,17,17,256,16,1,3,1,17,1,51850.0,7917.503292560577
64,1,1,17,16,16,1,1,1,17,1,32660.0,7925.90807723999
1024,1,17,17,256,16,3,3,1,1,1,37550.0,7934.31849861145
256,1,17,1,32,16,3,1,1,17,1,19010.0,7942.728162288666
512,1,17,17,256,16,1,1,1,17,1,40680.0,7951.1460247039795
256,1,17,17,256,16,3,1,1,17,1,28380.0,7959.572368383408
512,1,17,17,256,16,3,1,1,17,1,35490.0,7968.071702718735
1024,1,17,17,256,16,3,3,1,17,1,48690.0,7976.486193180084
1024,1,17,1,256,16,3,3,1,1,1,105660.0,7984.899599313736
512,1,17,1,256,16,3,1,1,17,1,68330.0,7993.293917417526
128,1,17,17,256,16,3,1,1,1,1,42600.0,8001.697144985199
256,1,17,17,256,16,3,3,1,17,1,39340.0,8010.110924005508
1024,1,17,1,64,16,1,1,1,1,1,28720.0,8018.527730464935
256,1,17,17,256,16,1,1,1,1,1,20670.0,8026.945893526077
512,1,17,17,256,16,3,1,1,1,1,28180.0,8035.361274719238
512,1,17,17,256,16,3,3,1,17,1,37430.0,8043.788130521774
128,1,17,17,256,16,3,3,1,17,1,1.7976931348623157e+308,8048.740236282349
1024,1,17,1,256,16,3,1,1,17,1,151900.0,8059.161239624023
128,1,17,1,256,16,1,3,1,17,1,14850.0,8067.61877989769
128,1,17,1,1,16,1,1,1,1,1,28630.0,8076.063427209854
1024,1,1,17,16,16,3,1,1,1,1,28030.0,8084.4892578125
512,1,17,17,4,16,1,3,1,1,1,26870.0,8092.901848316193
512,1,17,1,256,16,3,1,1,1,1,54300.0,8101.315320014954
128,1,17,1,1,16,1,1,1,17,1,67050.0,8109.805739879608
1024,1,17,17,256,16,3,1,1,17,1,41620.0,8118.223206281662
64,1,17,1,32,16,3,3,1,17,1,1.7976931348623157e+308,8244.631270647049
256,1,17,1,8,16,1,3,1,17,1,13440.0,8253.054508686066
64,1,17,17,8,16,1,3,1,17,1,511730.0,8265.926387548447
1024,1,17,1,256,16,1,1,1,17,1,47940.0,8274.353696584702
512,1,17,1,256,16,3,3,1,17,1,157500.0,8283.246654987335
256,1,17,17,1,16,3,1,1,1,1,79120.0,8291.65666770935
128,1,17,17,8,16,3,3,1,1,1,21100.0,8300.074147939682
1024,1,17,1,16,16,1,1,1,17,1,41880.0,8308.49632024765
256,1,17,17,8,16,1,1,1,1,1,28050.0,8316.904719352722
512,1,17,1,32,16,3,3,1,17,1,18370.0,8325.343261241913
512,1,17,1,256,4,1,3,1,17,1,23770.0,8333.76012969017
512,1,17,1,256,8,1,3,1,1,1,inf,8337.654807567596
128,1,17,17,1,16,3,1,1,17,1,114330.0,8346.622526407242
256,1,17,17,8,16,3,3,1,1,1,25160.0,8355.050338983536
256,1,17,17,32,16,1,3,1,17,1,27920.0,8363.475553750992
256,1,17,17,16,16,1,3,1,17,1,27760.0,8371.899244308472
256,1,1,17,256,16,1,1,1,17,1,8250.0,8380.33004117012
128,1,1,1,32,16,3,1,1,1,1,26160.0,8388.771858215332
64,1,1,17,256,16,3,1,1,17,1,1.7976931348623157e+308,8395.199498414993
1024,1,17,17,8,16,1,1,1,17,1,133650.0,8405.554307699203
256,1,1,1,256,16,1,1,1,1,1,1.7976931348623157e+308,8411.998961925507
256,1,1,17,16,16,3,3,1,1,1,7080.0,8420.442694664001
512,1,17,17,256,16,3,3,1,1,1,33210.0,8428.88676738739
256,1,1,17,256,16,3,3,1,17,1,1.7976931348623157e+308,8433.84046626091
256,1,17,1,256,8,1,3,1,17,1,21260.0,8442.286354780197
256,1,17,1,256,4,1,3,1,17,1,237880.0,8468.736620903015
128,1,17,1,256,8,1,1,1,17,1,21590.0,8479.686690330505
128,1,17,1,256,512,1,3,1,17,1,inf,8483.514149665833
512,1,17,1,256,8,1,1,1,17,1,42840.0,8490.947739601135
512,1,17,1,256,8,1,3,1,17,1,21640.0,8499.407147884369
512,1,1,1,8,8,1,3,1,17,1,2920.0,8507.877205610275
512,1,1,1,32,8,1,3,1,17,1,4610.0,8516.373842477798
512,1,1,1,2,8,1,3,1,17,1,3740.0,8524.860121250153
512,1,1,1,32,8,3,3,1,17,1,4200.0,8533.363324642181
512,1,1,1,16,8,3,3,1,17,1,2020.0,8541.94126868248
512,1,17,1,8,8,1,3,1,17,1,14670.0,8550.454235076904
512,1,1,1,1,8,1,3,1,17,1,6690.0,8558.977642774582
512,1,1,17,32,8,1,3,1,17,1,5200.0,8567.498200654984
512,1,1,1,32,8,1,1,1,17,1,4970.0,8576.011286020279
512,1,1,1,4,8,3,3,1,17,1,2460.0,8584.511349439621
512,1,1,17,8,8,3,3,1,17,1,4250.0,8593.025222063065
512,1,1,1,2,8,3,3,1,17,1,3370.0,8601.544368982315
512,1,1,17,32,8,3,3,1,17,1,3140.0,8610.075860738754
512,1,1,17,16,8,3,3,1,17,1,3400.0,8617.148335695267
512,1,1,17,64,8,3,3,1,17,1,5040.0,8624.171217679977
512,1,1,1,16,8,3,1,1,17,1,3410.0,8632.702588558197
512,1,1,17,4,8,3,1,1,17,1,7420.0,8641.269216299057
512,1,1,17,4,8,3,3,1,17,1,4470.0,8649.826087713242
512,1,1,17,8,8,1,3,1,17,1,7020.0,8658.384442567825
512,1,1,17,64,8,3,1,1,17,1,4670.0,8666.944398403168
512,1,1,17,32,8,3,1,1,17,1,5520.0,8675.416110754013
512,1,1,1,16,8,1,3,1,17,1,2580.0,8683.974346399307
512,1,1,1,64,8,3,1,1,17,1,6030.0,8692.536191701889
512,1,1,1,64,8,1,3,1,17,1,10300.0,8701.125111818314
512,1,1,17,32,8,1,1,1,17,1,10230.0,8709.704387903214
512,1,1,17,16,8,3,1,1,17,1,6810.0,8718.27330994606
512,1,1,1,64,8,3,3,1,17,1,6590.0,8726.845782995224
512,1,1,1,32,8,3,1,1,17,1,3670.0,8733.92624592781
512,1,1,17,16,8,1,3,1,1,1,inf,8737.986697912216
512,1,1,1,64,8,1,1,1,17,1,7070.0,8747.096002340317
512,1,1,17,8,8,1,1,1,17,1,16530.0,8755.668347358704
512,1,1,17,1,8,1,3,1,17,1,14720.0,8764.262269496918
512,1,1,1,8,8,3,1,1,17,1,6720.0,8772.82709980011
512,1,1,17,1,8,3,3,1,17,1,6380.0,8779.940723896027
